measure_id,release_year,release_time,vintage,vintage_min,vintage_max,vintage_lag,format_type
chr_65_and_older,2011,2011-12-31,2009,2009,2009,2,1
chr_65_and_older,2012,2012-12-31,2009,2009,2009,3,1
chr_65_and_older,2013,2013-12-31,2011,2011,2011,2,1
chr_65_and_older,2014,2014-12-31,2012,2012,2012,2,1
chr_65_and_older,2015,2015-12-31,2013,2013,2013,2,1
chr_65_and_older,2016,2016-12-31,2014,2014,2014,2,1
chr_65_and_older,2017,2017-12-31,2015,2015,2015,2,1
chr_65_and_older,2018,2018-12-31,2016,2016,2016,2,1
chr_65_and_older,2019,2019-12-31,2017,2017,2017,2,1
chr_65_and_older,2020,2020-12-31,2018,2018,2018,2,1
chr_65_and_older,2021,2021-12-31,2019,2019,2019,2,1
chr_65_and_older,2022,2022-12-31,2020,2020,2020,2,1
chr_65_and_older,2023,2023-12-31,2021,2021,2021,2,1
chr_65_and_older,2024,2024-12-31,2022,2022,2022,2,1
chr_65_and_older,2025,2025-12-31,2023,2023,2023,2,1
chr_access_to_exercise_opportunities,2014,2014-12-31,2010 & 2012,2010,2012,4,1
chr_access_to_exercise_opportunities,2015,2015-12-31,2010 & 2013,2010,2013,5,1
chr_access_to_exercise_opportunities,2016,2016-12-31,2014,2014,2014,2,1
chr_access_to_exercise_opportunities,2017,2017-12-31,2014,2014,2014,3,1
chr_access_to_exercise_opportunities,2018,2018-12-31,2010 popula,2010,2010,8,1
chr_access_to_exercise_opportunities,2019,2019-12-31,2010 & 2018,2010,2018,9,1
chr_access_to_exercise_opportunities,2020,2020-12-31,2010 & 2019,2010,2019,10,1
chr_access_to_exercise_opportunities,2021,2021-12-31,2010 & 2019,2010,2019,11,1
chr_access_to_exercise_opportunities,2022,2022-12-31,2010 & 2021,2010,2021,12,1
chr_access_to_exercise_opportunities,2023,2023-12-31,2022 & 2020,2020,2022,3,1
chr_access_to_exercise_opportunities,2024,2024-12-31,"2023, 2022",2022,2023,2,1
chr_access_to_exercise_opportunities,2025,2025-12-31,"2024, 2022",2022,2024,3,1
chr_access_to_healthy_foods,2010,2010-12-31,2006,2006,2006,4,1
chr_access_to_healthy_foods,2011,2011-12-31,2008,2008,2008,3,1
chr_access_to_healthy_foods,2012,2012-12-31,2009,2009,2009,3,1
chr_access_to_parks,2013,2013-12-31,2010,2010,2010,3,1
chr_access_to_parks,2025,2025-12-31,2024 & 2020,2020,2024,5,1
chr_access_to_recreational_facilities,2011,2011-12-31,2008,2008,2008,3,0
chr_access_to_recreational_facilities,2012,2012-12-31,2009,2009,2009,3,0
chr_access_to_recreational_facilities,2013,2013-12-31,2010,2010,2010,3,0
chr_adult_obesity,2010,2010-12-31,2007,2007,2007,3,1
chr_adult_obesity,2011,2011-12-31,2008,2008,2008,3,1
chr_adult_obesity,2012,2012-12-31,2009,2009,2009,3,1
chr_adult_obesity,2013,2013-12-31,2009,2009,2009,4,1
chr_adult_obesity,2014,2014-12-31,2010,2010,2010,4,1
chr_adult_obesity,2015,2015-12-31,2011,2011,2011,4,1
chr_adult_obesity,2016,2016-12-31,2012,2012,2012,4,1
chr_adult_obesity,2017,2017-12-31,2013,2013,2013,4,1
chr_adult_obesity,2018,2018-12-31,2014,2014,2014,4,1
chr_adult_obesity,2019,2019-12-31,2015,2015,2015,4,1
chr_adult_obesity,2020,2020-12-31,2016,2016,2016,4,1
chr_adult_obesity,2021,2021-12-31,2017,2017,2017,4,1
chr_adult_obesity,2022,2022-12-31,2019,2019,2019,3,1
chr_adult_obesity,2023,2023-12-31,2020,2020,2020,3,1
chr_adult_obesity,2024,2024-12-31,2021,2021,2021,3,1
chr_adult_obesity,2025,2025-12-31,2022,2022,2022,3,1
chr_adult_smoking,2010,2010-12-31,2002-2008,2002,2008,8,1
chr_adult_smoking,2011,2011-12-31,2003-2009,2003,2009,8,1
chr_adult_smoking,2012,2012-12-31,2004-2010,2004,2010,8,1
chr_adult_smoking,2013,2013-12-31,2005-2011,2005,2011,8,1
chr_adult_smoking,2014,2014-12-31,2006-2012,2006,2012,8,1
chr_adult_smoking,2015,2015-12-31,2006-2012,2006,2012,9,1
chr_adult_smoking,2016,2016-12-31,2014,2014,2014,2,1
chr_adult_smoking,2017,2017-12-31,2015,2015,2015,2,1
chr_adult_smoking,2018,2018-12-31,2016,2016,2016,2,1
chr_adult_smoking,2019,2019-12-31,2016,2016,2016,3,1
chr_adult_smoking,2020,2020-12-31,2017,2017,2017,3,1
chr_adult_smoking,2021,2021-12-31,2018,2018,2018,3,1
chr_adult_smoking,2022,2022-12-31,2019,2019,2019,3,1
chr_adult_smoking,2023,2023-12-31,2020,2020,2020,3,1
chr_adult_smoking,2024,2024-12-31,2021,2021,2021,3,1
chr_adult_smoking,2025,2025-12-31,2022,2022,2022,3,1
chr_adverse_climate_events,2025,2025-12-31,2019-2023,2019,2023,6,0
chr_air_pollution_ozone_days,2010,2010-12-31,2005,2005,2005,5,0
chr_air_pollution_ozone_days,2011,2011-12-31,2006,2006,2006,5,0
chr_air_pollution_ozone_days,2012,2012-12-31,2007,2007,2007,5,0
chr_air_pollution_particulate_matter,2013,2013-12-31,2008,2008,2008,5,0
chr_air_pollution_particulate_matter,2014,2014-12-31,2011,2011,2011,3,0
chr_air_pollution_particulate_matter,2015,2015-12-31,2011,2011,2011,4,0
chr_air_pollution_particulate_matter,2016,2016-12-31,2011,2011,2011,5,0
chr_air_pollution_particulate_matter,2017,2017-12-31,2012,2012,2012,5,0
chr_air_pollution_particulate_matter,2018,2018-12-31,2012,2012,2012,6,0
chr_air_pollution_particulate_matter,2019,2019-12-31,2014,2014,2014,5,0
chr_air_pollution_particulate_matter,2020,2020-12-31,2014,2014,2014,6,0
chr_air_pollution_particulate_matter,2021,2021-12-31,2016,2016,2016,5,0
chr_air_pollution_particulate_matter,2022,2022-12-31,2018,2018,2018,4,0
chr_air_pollution_particulate_matter,2023,2023-12-31,2019,2019,2019,4,0
chr_air_pollution_particulate_matter,2024,2024-12-31,2019,2019,2019,5,0
chr_air_pollution_particulate_matter,2025,2025-12-31,2020,2020,2020,5,0
chr_air_pollution_particulate_matter_days,2010,2010-12-31,2005,2005,2005,5,0
chr_air_pollution_particulate_matter_days,2011,2011-12-31,2006,2006,2006,5,0
chr_air_pollution_particulate_matter_days,2012,2012-12-31,2007,2007,2007,5,0
chr_alcohol_impaired_driving_deaths,2014,2014-12-31,2008-2012,2008,2012,6,1
chr_alcohol_impaired_driving_deaths,2015,2015-12-31,2009-2013,2009,2013,6,1
chr_alcohol_impaired_driving_deaths,2016,2016-12-31,2010-2014,2010,2014,6,1
chr_alcohol_impaired_driving_deaths,2017,2017-12-31,2011-2015,2011,2015,6,1
chr_alcohol_impaired_driving_deaths,2018,2018-12-31,2012-2016,2012,2016,6,1
chr_alcohol_impaired_driving_deaths,2019,2019-12-31,2013-2017,2013,2017,6,1
chr_alcohol_impaired_driving_deaths,2020,2020-12-31,2014-2018,2014,2018,6,1
chr_alcohol_impaired_driving_deaths,2021,2021-12-31,2015-2019,2015,2019,6,1
chr_alcohol_impaired_driving_deaths,2022,2022-12-31,2016-2020,2016,2020,6,1
chr_alcohol_impaired_driving_deaths,2023,2023-12-31,2016-2020,2016,2020,7,1
chr_alcohol_impaired_driving_deaths,2024,2024-12-31,2017-2021,2017,2021,7,1
chr_alcohol_impaired_driving_deaths,2025,2025-12-31,2018-2022,2018,2022,7,1
chr_alcohol_related_hospitalizations,2013,2013-12-31,2010,2010,2010,3,0
chr_alcohol_related_hospitalizations,2014,2014-12-31,2010,2010,2010,4,0
chr_alcohol_related_hospitalizations,2015,2015-12-31,2012,2012,2012,3,0
chr_alcohol_related_hospitalizations,2016,2016-12-31,2013,2013,2013,3,0
chr_alcohol_related_hospitalizations,2017,2017-12-31,2014,2014,2014,3,0
chr_alcohol_related_hospitalizations,2019,2019-12-31,2015,2015,2015,4,0
chr_alcohol_related_hospitalizations,2020,2020-12-31,2016,2016,2016,4,0
chr_american_indian_or_alaska_native,2011,2011-12-31,2009,2009,2009,2,1
chr_american_indian_or_alaska_native,2012,2012-12-31,2009,2009,2009,3,1
chr_american_indian_or_alaska_native,2013,2013-12-31,2011,2011,2011,2,1
chr_american_indian_or_alaska_native,2014,2014-12-31,2012,2012,2012,2,1
chr_american_indian_or_alaska_native,2015,2015-12-31,2013,2013,2013,2,1
chr_american_indian_or_alaska_native,2016,2016-12-31,2014,2014,2014,2,1
chr_american_indian_or_alaska_native,2017,2017-12-31,2015,2015,2015,2,1
chr_american_indian_or_alaska_native,2018,2018-12-31,2016,2016,2016,2,1
chr_american_indian_or_alaska_native,2019,2019-12-31,2017,2017,2017,2,1
chr_american_indian_or_alaska_native,2020,2020-12-31,2018,2018,2018,2,1
chr_american_indian_or_alaska_native,2021,2021-12-31,2019,2019,2019,2,1
chr_american_indian_or_alaska_native,2022,2022-12-31,2020,2020,2020,2,1
chr_american_indian_or_alaska_native,2023,2023-12-31,2021,2021,2021,2,1
chr_american_indian_or_alaska_native,2024,2024-12-31,2022,2022,2022,2,1
chr_american_indian_or_alaska_native,2025,2025-12-31,2023,2023,2023,2,1
chr_asian,2011,2011-12-31,2009,2009,2009,2,1
chr_asian,2012,2012-12-31,2009,2009,2009,3,1
chr_asian,2013,2013-12-31,2011,2011,2011,2,1
chr_asian,2014,2014-12-31,2012,2012,2012,2,1
chr_asian,2015,2015-12-31,2013,2013,2013,2,1
chr_asian,2016,2016-12-31,2014,2014,2014,2,1
chr_asian,2017,2017-12-31,2015,2015,2015,2,1
chr_asian,2018,2018-12-31,2016,2016,2016,2,1
chr_asian,2019,2019-12-31,2017,2017,2017,2,1
chr_asian,2020,2020-12-31,2018,2018,2018,2,1
chr_asian,2021,2021-12-31,2019,2019,2019,2,1
chr_asian,2022,2022-12-31,2020,2020,2020,2,1
chr_asian,2023,2023-12-31,2021,2021,2021,2,1
chr_asian,2024,2024-12-31,2022,2022,2022,2,1
chr_asian,2025,2025-12-31,2023,2023,2023,2,1
chr_below_18_years_of_age,2011,2011-12-31,2009,2009,2009,2,1
chr_below_18_years_of_age,2012,2012-12-31,2009,2009,2009,3,1
chr_below_18_years_of_age,2013,2013-12-31,2011,2011,2011,2,1
chr_below_18_years_of_age,2014,2014-12-31,2012,2012,2012,2,1
chr_below_18_years_of_age,2015,2015-12-31,2013,2013,2013,2,1
chr_below_18_years_of_age,2016,2016-12-31,2014,2014,2014,2,1
chr_below_18_years_of_age,2017,2017-12-31,2015,2015,2015,2,1
chr_below_18_years_of_age,2018,2018-12-31,2016,2016,2016,2,1
chr_below_18_years_of_age,2019,2019-12-31,2017,2017,2017,2,1
chr_below_18_years_of_age,2020,2020-12-31,2018,2018,2018,2,1
chr_below_18_years_of_age,2021,2021-12-31,2019,2019,2019,2,1
chr_below_18_years_of_age,2022,2022-12-31,2020,2020,2020,2,1
chr_below_18_years_of_age,2023,2023-12-31,2021,2021,2021,2,1
chr_below_18_years_of_age,2024,2024-12-31,2022,2022,2022,2,1
chr_below_18_years_of_age,2025,2025-12-31,2023,2023,2023,2,1
chr_binge_drinking,2010,2010-12-31,2002-2008,2002,2008,8,1
chr_binge_drinking,2011,2011-12-31,2003-2009,2003,2009,8,1
chr_breastfeeding,2013,2013-12-31,2010,2010,2010,3,1
chr_breastfeeding,2014,2014-12-31,2011,2011,2011,3,1
chr_broadband_access,2021,2021-12-31,2015-2019,2015,2019,6,1
chr_broadband_access,2022,2022-12-31,2016-2020,2016,2020,6,1
chr_broadband_access,2023,2023-12-31,2017-2021,2017,2021,6,1
chr_broadband_access,2024,2024-12-31,2018-2022,2018,2022,6,1
chr_broadband_access,2025,2025-12-31,2019-2023,2019,2023,6,1
chr_cancer_incidence,2013,2013-12-31,2004-2008,2004,2008,9,0
chr_cancer_incidence,2014,2014-12-31,2007-2011,2007,2011,7,0
chr_cancer_incidence,2015,2015-12-31,2007-2011,2007,2011,8,0
chr_cancer_incidence,2017,2017-12-31,2009-2013,2009,2013,8,0
chr_cancer_incidence,2018,2018-12-31,2010 - 2014,2010,2014,8,0
chr_cancer_incidence,2019,2019-12-31,2011 - 2015,2011,2015,8,0
chr_cancer_incidence,2020,2020-12-31,2012-2016,2012,2016,8,0
chr_census_participation,2023,2023-12-31,2020,2020,2020,3,1
chr_census_participation,2024,2024-12-31,2020,2020,2020,4,1
chr_census_participation,2025,2025-12-31,2020,2020,2020,5,1
chr_cerebrovascular_disease_hospitalizations,2013,2013-12-31,2010,2010,2010,3,0
chr_cerebrovascular_disease_hospitalizations,2014,2014-12-31,2010,2010,2010,4,0
chr_cerebrovascular_disease_hospitalizations,2015,2015-12-31,2012,2012,2012,3,0
chr_cerebrovascular_disease_hospitalizations,2016,2016-12-31,2013,2013,2013,3,0
chr_cerebrovascular_disease_hospitalizations,2017,2017-12-31,2014,2014,2014,3,0
chr_cerebrovascular_disease_hospitalizations,2019,2019-12-31,2015,2015,2015,4,0
chr_cerebrovascular_disease_hospitalizations,2020,2020-12-31,2016,2016,2016,4,0
chr_cervical_cancer_screening,2013,2013-12-31,2006-2008,2006,2008,7,1
chr_cervical_cancer_screening,2014,2014-12-31,2006-2008,2006,2008,8,1
chr_child_abuse,2013,2013-12-31,2010,2010,2010,3,0
chr_child_abuse,2014,2014-12-31,2011,2011,2011,3,0
chr_child_abuse,2015,2015-12-31,2012,2012,2012,3,0
chr_child_abuse,2016,2016-12-31,2013,2013,2013,3,0
chr_child_abuse,2017,2017-12-31,2014,2014,2014,3,0
chr_child_abuse,2018,2018-12-31,2015,2015,2015,3,0
chr_child_abuse,2019,2019-12-31,2018,2018,2018,1,0
chr_child_abuse,2020,2020-12-31,2018,2018,2018,2,0
chr_child_care_centers,2022,2022-12-31,2021,2021,2021,1,0
chr_child_care_centers,2023,2023-12-31,2010-2022,2010,2022,13,0
chr_child_care_centers,2024,2024-12-31,2010-2022,2010,2022,14,0
chr_child_care_centers,2025,2025-12-31,2010-2022,2010,2022,15,0
chr_child_care_cost_burden,2022,2022-12-31,2021 & 2020,2020,2021,2,1
chr_child_care_cost_burden,2023,2023-12-31,2022 & 2021,2021,2022,2,1
chr_child_care_cost_burden,2024,2024-12-31,2023 & 2022,2022,2023,2,1
chr_child_care_cost_burden,2025,2025-12-31,2024 & 2023,2023,2024,2,1
chr_child_mortality,2013,2013-12-31,2007-2010,2007,2010,6,0
chr_child_mortality,2014,2014-12-31,2007-2010,2007,2010,7,0
chr_child_mortality,2015,2015-12-31,2009-2012,2009,2012,6,0
chr_child_mortality,2016,2016-12-31,2010-2013,2010,2013,6,0
chr_child_mortality,2017,2017-12-31,2012-2015,2012,2015,5,0
chr_child_mortality,2018,2018-12-31,2013-2016,2013,2016,5,0
chr_child_mortality,2019,2019-12-31,2014-2017,2014,2017,5,0
chr_child_mortality,2020,2020-12-31,2015-2018,2015,2018,5,0
chr_child_mortality,2021,2021-12-31,2016-2019,2016,2019,5,0
chr_child_mortality,2022,2022-12-31,2017-2020,2017,2020,5,0
chr_child_mortality,2023,2023-12-31,2017-2020,2017,2020,6,0
chr_child_mortality,2024,2024-12-31,2018-2021,2018,2021,6,0
chr_child_mortality,2025,2025-12-31,2019-2022,2019,2022,6,0
chr_childhood_immunizations,2013,2013-12-31,2011,2011,2011,2,1
chr_childhood_immunizations,2014,2014-12-31,2012,2012,2012,2,1
chr_childhood_immunizations,2015,2015-12-31,2013,2013,2013,2,1
chr_childhood_immunizations,2016,2016-12-31,2014,2014,2014,2,1
chr_childhood_immunizations,2017,2017-12-31,2015,2015,2015,2,1
chr_childhood_immunizations,2018,2018-12-31,2016,2016,2016,2,1
chr_childhood_immunizations,2019,2019-12-31,2017,2017,2017,2,1
chr_childhood_immunizations,2020,2020-12-31,2018,2018,2018,2,1
chr_children_eligible_for_free_or_reduced_price_lunch,2011,2011-12-31,2005-2006,2005,2006,6,1
chr_children_eligible_for_free_or_reduced_price_lunch,2012,2012-12-31,2005-2006,2005,2006,7,1
chr_children_eligible_for_free_or_reduced_price_lunch,2013,2013-12-31,2010-2011,2010,2011,3,1
chr_children_eligible_for_free_or_reduced_price_lunch,2014,2014-12-31,2010-2011,2010,2011,4,1
chr_children_eligible_for_free_or_reduced_price_lunch,2015,2015-12-31,2011-2012,2011,2012,4,1
chr_children_eligible_for_free_or_reduced_price_lunch,2016,2016-12-31,2012-2013,2012,2013,4,1
chr_children_eligible_for_free_or_reduced_price_lunch,2017,2017-12-31,2014-2015,2014,2015,3,1
chr_children_eligible_for_free_or_reduced_price_lunch,2018,2018-12-31,2015-2016,2015,2016,3,1
chr_children_eligible_for_free_or_reduced_price_lunch,2019,2019-12-31,2016-2017,2016,2017,3,1
chr_children_eligible_for_free_or_reduced_price_lunch,2020,2020-12-31,2017-2018,2017,2018,3,1
chr_children_eligible_for_free_or_reduced_price_lunch,2021,2021-12-31,2018-2019,2018,2019,3,1
chr_children_eligible_for_free_or_reduced_price_lunch,2022,2022-12-31,2019-2020,2019,2020,3,1
chr_children_eligible_for_free_or_reduced_price_lunch,2023,2023-12-31,2020-2021,2020,2021,3,1
chr_children_eligible_for_free_or_reduced_price_lunch,2024,2024-12-31,2021-2022,2021,2022,3,1
chr_children_eligible_for_free_or_reduced_price_lunch,2025,2025-12-31,2022-2023,2022,2023,3,1
chr_children_in_poverty,2010,2010-12-31,2007,2007,2007,3,1
chr_children_in_poverty,2011,2011-12-31,2008,2008,2008,3,1
chr_children_in_poverty,2012,2012-12-31,2010,2010,2010,2,1
chr_children_in_poverty,2013,2013-12-31,2011,2011,2011,2,1
chr_children_in_poverty,2014,2014-12-31,2012,2012,2012,2,1
chr_children_in_poverty,2015,2015-12-31,2013,2013,2013,2,1
chr_children_in_poverty,2016,2016-12-31,2014,2014,2014,2,1
chr_children_in_poverty,2017,2017-12-31,2015,2015,2015,2,1
chr_children_in_poverty,2018,2018-12-31,2016,2016,2016,2,1
chr_children_in_poverty,2019,2019-12-31,2017,2017,2017,2,1
chr_children_in_poverty,2020,2020-12-31,2018,2018,2018,2,1
chr_children_in_poverty,2021,2021-12-31,2019,2019,2019,2,1
chr_children_in_poverty,2022,2022-12-31,2020,2020,2020,2,1
chr_children_in_poverty,2023,2023-12-31,2021 & 2017,2017,2021,6,1
chr_children_in_poverty,2024,2024-12-31,2022 & 2018,2018,2022,6,1
chr_children_in_poverty,2025,2025-12-31,2023 & 2019,2019,2023,6,1
chr_children_in_single_parent_households,2011,2011-12-31,2005-2009,2005,2009,6,1
chr_children_in_single_parent_households,2012,2012-12-31,2006-2010,2006,2010,6,1
chr_children_in_single_parent_households,2013,2013-12-31,2007-2011,2007,2011,6,1
chr_children_in_single_parent_households,2014,2014-12-31,2008-2012,2008,2012,6,1
chr_children_in_single_parent_households,2015,2015-12-31,2009-2013,2009,2013,6,1
chr_children_in_single_parent_households,2016,2016-12-31,2010-2014,2010,2014,6,1
chr_children_in_single_parent_households,2017,2017-12-31,2011-2015,2011,2015,6,1
chr_children_in_single_parent_households,2018,2018-12-31,2012-2016,2012,2016,6,1
chr_children_in_single_parent_households,2019,2019-12-31,2013-2017,2013,2017,6,1
chr_children_in_single_parent_households,2020,2020-12-31,2014-2018,2014,2018,6,1
chr_children_in_single_parent_households,2021,2021-12-31,2015-2019,2015,2019,6,1
chr_children_in_single_parent_households,2022,2022-12-31,2016-2020,2016,2020,6,1
chr_children_in_single_parent_households,2023,2023-12-31,2017-2021,2017,2021,6,1
chr_children_in_single_parent_households,2024,2024-12-31,2018-2022,2018,2022,6,1
chr_children_in_single_parent_households,2025,2025-12-31,2019-2023,2019,2023,6,1
chr_cholesterol_screening,2013,2013-12-31,2006-2008,2006,2008,7,1
chr_cholesterol_screening,2014,2014-12-31,2006-2008,2006,2008,8,1
chr_colon_cancer_screening,2013,2013-12-31,2006-2008,2006,2008,7,1
chr_colon_cancer_screening,2014,2014-12-31,2006-2008,2006,2008,8,1
chr_communicable_disease,2013,2013-12-31,2011,2011,2011,2,0
chr_communicable_disease,2014,2014-12-31,2012,2012,2012,2,0
chr_communicable_disease,2015,2015-12-31,2013,2013,2013,2,0
chr_communicable_disease,2016,2016-12-31,2014,2014,2014,2,0
chr_communicable_disease,2017,2017-12-31,2015,2015,2015,2,0
chr_communicable_disease,2018,2018-12-31,2016,2016,2016,2,0
chr_communicable_disease,2019,2019-12-31,2017,2017,2017,2,0
chr_communicable_disease,2020,2020-12-31,2018,2018,2018,2,0
chr_contaminants_in_municipal_water_wi,2010,2010-12-31,2006-2008,2006,2008,4,1
chr_contaminants_in_municipal_water_wi,2011,2011-12-31,2009,2009,2009,2,1
chr_contaminants_in_municipal_water_wi,2012,2012-12-31,2010,2010,2010,2,1
chr_core_based_statistical_areas,2023,2023-12-31,2020,2020,2020,3,10
chr_core_based_statistical_areas,2024,2024-12-31,2023,2023,2023,1,10
chr_core_based_statistical_areas,2025,2025-12-31,2025,2025,2025,0,10
chr_coronary_heart_disease_hospitalizations,2013,2013-12-31,2010,2010,2010,3,0
chr_coronary_heart_disease_hospitalizations,2014,2014-12-31,2010,2010,2010,4,0
chr_coronary_heart_disease_hospitalizations,2015,2015-12-31,2012,2012,2012,3,0
chr_coronary_heart_disease_hospitalizations,2016,2016-12-31,2013,2013,2013,3,0
chr_coronary_heart_disease_hospitalizations,2017,2017-12-31,2014,2014,2014,3,0
chr_coronary_heart_disease_hospitalizations,2019,2019-12-31,2015,2015,2015,4,0
chr_coronary_heart_disease_hospitalizations,2020,2020-12-31,2016,2016,2016,4,0
chr_could_not_see_doctor_due_to_cost,2012,2012-12-31,2004-2010,2004,2010,8,1
chr_could_not_see_doctor_due_to_cost,2013,2013-12-31,2005-2011,2005,2011,8,1
chr_could_not_see_doctor_due_to_cost,2014,2014-12-31,2006-2012,2006,2012,8,1
chr_could_not_see_doctor_due_to_cost,2015,2015-12-31,2006-2012,2006,2012,9,1
chr_covid_19_age_adjusted_mortality,2022,2022-12-31,2020,2020,2020,2,0
chr_dental_utilization,2013,2013-12-31,FY 2008,2008,2008,5,1
chr_dental_utilization,2014,2014-12-31,FY 2008,2008,2008,6,1
chr_dentists,2012,2012-12-31,2007,2007,2007,5,3
chr_dentists,2013,2013-12-31,2010,2010,2010,3,3
chr_dentists,2014,2014-12-31,2012,2012,2012,2,3
chr_dentists,2015,2015-12-31,2013,2013,2013,2,3
chr_dentists,2016,2016-12-31,2014,2014,2014,2,3
chr_dentists,2017,2017-12-31,2015,2015,2015,2,3
chr_dentists,2018,2018-12-31,2016,2016,2016,2,3
chr_dentists,2019,2019-12-31,2017,2017,2017,2,3
chr_dentists,2020,2020-12-31,2018,2018,2018,2,3
chr_dentists,2021,2021-12-31,2019,2019,2019,2,3
chr_dentists,2022,2022-12-31,2020,2020,2020,2,3
chr_dentists,2023,2023-12-31,2021,2021,2021,2,3
chr_dentists,2024,2024-12-31,2022,2022,2022,2,3
chr_dentists,2025,2025-12-31,2022,2022,2022,3,3
chr_diabetes_monitoring,2010,2010-12-31,2003-2006,2003,2006,7,1
chr_diabetes_monitoring,2011,2011-12-31,2006-2007,2006,2007,5,1
chr_diabetes_monitoring,2012,2012-12-31,2009,2009,2009,3,1
chr_diabetes_monitoring,2013,2013-12-31,2010,2010,2010,3,1
chr_diabetes_monitoring,2014,2014-12-31,2011,2011,2011,3,1
chr_diabetes_monitoring,2015,2015-12-31,2012,2012,2012,3,1
chr_diabetes_monitoring,2016,2016-12-31,2013,2013,2013,3,1
chr_diabetes_monitoring,2017,2017-12-31,2014,2014,2014,3,1
chr_diabetes_monitoring,2018,2018-12-31,2014,2014,2014,4,1
chr_diabetes_prevalence,2011,2011-12-31,2008,2008,2008,3,1
chr_diabetes_prevalence,2012,2012-12-31,2009,2009,2009,3,1
chr_diabetes_prevalence,2013,2013-12-31,2009,2009,2009,4,1
chr_diabetes_prevalence,2014,2014-12-31,2010,2010,2010,4,1
chr_diabetes_prevalence,2015,2015-12-31,2011,2011,2011,4,1
chr_diabetes_prevalence,2016,2016-12-31,2012,2012,2012,4,1
chr_diabetes_prevalence,2017,2017-12-31,2013,2013,2013,4,1
chr_diabetes_prevalence,2018,2018-12-31,2014,2014,2014,4,1
chr_diabetes_prevalence,2019,2019-12-31,2015,2015,2015,4,1
chr_diabetes_prevalence,2020,2020-12-31,2016,2016,2016,4,1
chr_diabetes_prevalence,2021,2021-12-31,2017,2017,2017,4,1
chr_diabetes_prevalence,2022,2022-12-31,2019,2019,2019,3,1
chr_diabetes_prevalence,2023,2023-12-31,2020,2020,2020,3,1
chr_diabetes_prevalence,2024,2024-12-31,2021,2021,2021,3,1
chr_diabetes_prevalence,2025,2025-12-31,2022,2022,2022,3,1
chr_did_not_get_needed_health_care,2010,2010-12-31,2001-2007,2001,2007,9,1
chr_did_not_get_needed_health_care,2011,2011-12-31,2002-2008,2002,2008,9,1
chr_did_not_get_needed_health_care,2012,2012-12-31,2003-2009,2003,2009,9,1
chr_did_not_get_needed_health_care,2013,2013-12-31,2004-2010,2004,2010,9,1
chr_did_not_get_needed_health_care,2014,2014-12-31,2005-2011,2005,2011,9,1
chr_did_not_get_needed_health_care,2015,2015-12-31,2005-2011,2005,2011,10,1
chr_did_not_get_needed_health_care,2016,2016-12-31,2012 and 20,2012,2012,4,1
chr_did_not_get_needed_health_care,2017,2017-12-31,"2012, 2014,",2012,2014,5,1
chr_did_not_get_needed_health_care,2018,2018-12-31,"2012, 2014,",2012,2014,6,1
chr_disability_functional_limitations,2025,2025-12-31,2022,2022,2022,3,1
chr_disconnected_youth,2017,2017-12-31,2010-2014,2010,2014,7,1
chr_disconnected_youth,2018,2018-12-31,2010-2014,2010,2014,8,1
chr_disconnected_youth,2019,2019-12-31,2013-2017,2013,2017,6,1
chr_disconnected_youth,2020,2020-12-31,2014-2018,2014,2018,6,1
chr_disconnected_youth,2021,2021-12-31,2015-2019,2015,2019,6,1
chr_disconnected_youth,2022,2022-12-31,2016-2020,2016,2020,6,1
chr_disconnected_youth,2023,2023-12-31,2017-2021,2017,2021,6,1
chr_disconnected_youth,2024,2024-12-31,2018-2022,2018,2022,6,1
chr_disconnected_youth,2025,2025-12-31,2019-2023,2019,2023,6,1
chr_drinking_water_violations,2013,2013-12-31,FY 2012,2012,2012,1,1
chr_drinking_water_violations,2014,2014-12-31,FY2012-FY20,2012,2012,2,1
chr_drinking_water_violations,2015,2015-12-31,FY2013-FY20,2013,2013,2,1
chr_drinking_water_violations,2016,2016-12-31,FY2013-FY20,2013,2013,3,5
chr_drinking_water_violations,2017,2017-12-31,FY2013-FY20,2013,2013,4,5
chr_drinking_water_violations,2018,2018-12-31,2016,2016,2016,2,5
chr_drinking_water_violations,2019,2019-12-31,2017,2017,2017,2,5
chr_drinking_water_violations,2020,2020-12-31,2018,2018,2018,2,5
chr_drinking_water_violations,2021,2021-12-31,2019,2019,2019,2,5
chr_drinking_water_violations,2022,2022-12-31,2020,2020,2020,2,5
chr_drinking_water_violations,2023,2023-12-31,2021,2021,2021,2,5
chr_drinking_water_violations,2024,2024-12-31,2022,2022,2022,2,5
chr_drinking_water_violations,2025,2025-12-31,2023,2023,2023,2,5
chr_driving_alone_to_work,2011,2011-12-31,2005-2009,2005,2009,6,1
chr_driving_alone_to_work,2012,2012-12-31,2006-2010,2006,2010,6,1
chr_driving_alone_to_work,2013,2013-12-31,2007-2011,2007,2011,6,1
chr_driving_alone_to_work,2014,2014-12-31,2008-2012,2008,2012,6,1
chr_driving_alone_to_work,2015,2015-12-31,2009-2013,2009,2013,6,1
chr_driving_alone_to_work,2016,2016-12-31,2010-2014,2010,2014,6,1
chr_driving_alone_to_work,2017,2017-12-31,2011-2015,2011,2015,6,1
chr_driving_alone_to_work,2018,2018-12-31,2012-2016,2012,2016,6,1
chr_driving_alone_to_work,2019,2019-12-31,2013-2017,2013,2017,6,1
chr_driving_alone_to_work,2020,2020-12-31,2014-2018,2014,2018,6,1
chr_driving_alone_to_work,2021,2021-12-31,2015-2019,2015,2019,6,1
chr_driving_alone_to_work,2022,2022-12-31,2016-2020,2016,2020,6,1
chr_driving_alone_to_work,2023,2023-12-31,2017-2021,2017,2021,6,1
chr_driving_alone_to_work,2024,2024-12-31,2018-2022,2018,2022,6,1
chr_driving_alone_to_work,2025,2025-12-31,2019-2023,2019,2023,6,1
chr_drug_arrests,2013,2013-12-31,2010,2010,2010,3,0
chr_drug_arrests,2014,2014-12-31,2011,2011,2011,3,0
chr_drug_arrests,2015,2015-12-31,2012,2012,2012,3,0
chr_drug_arrests,2016,2016-12-31,2012,2012,2012,4,0
chr_drug_arrests,2017,2017-12-31,2013,2013,2013,4,0
chr_drug_arrests,2018,2018-12-31,2014,2014,2014,4,0
chr_drug_arrests,2019,2019-12-31,2018,2018,2018,1,0
chr_drug_overdose_deaths,2014,2014-12-31,2004-2010,2004,2010,10,0
chr_drug_overdose_deaths,2015,2015-12-31,2006-2012,2006,2012,9,0
chr_drug_overdose_deaths,2016,2016-12-31,2012-2014,2012,2014,4,0
chr_drug_overdose_deaths,2017,2017-12-31,2013-2015,2013,2015,4,0
chr_drug_overdose_deaths,2018,2018-12-31,2014-2016,2014,2016,4,0
chr_drug_overdose_deaths,2019,2019-12-31,2015-2017,2015,2017,4,0
chr_drug_overdose_deaths,2020,2020-12-31,2016-2018,2016,2018,4,0
chr_drug_overdose_deaths,2021,2021-12-31,2017-2019,2017,2019,4,0
chr_drug_overdose_deaths,2022,2022-12-31,2018-2020,2018,2020,4,0
chr_drug_overdose_deaths,2023,2023-12-31,2018-2020,2018,2020,5,0
chr_drug_overdose_deaths,2024,2024-12-31,2019-2021,2019,2021,5,0
chr_drug_overdose_deaths,2025,2025-12-31,2020-2022,2020,2022,5,0
chr_drug_overdose_deaths_modeled,2016,2016-12-31,2014,2014,2014,2,4
chr_drug_overdose_deaths_modeled,2018,2018-12-31,2016,2016,2016,2,6
chr_excessive_drinking,2011,2011-12-31,2003-2009,2003,2009,8,1
chr_excessive_drinking,2012,2012-12-31,2004-2010,2004,2010,8,1
chr_excessive_drinking,2013,2013-12-31,2005-2011,2005,2011,8,1
chr_excessive_drinking,2014,2014-12-31,2006-2012,2006,2012,8,1
chr_excessive_drinking,2015,2015-12-31,2006-2012,2006,2012,9,1
chr_excessive_drinking,2016,2016-12-31,2014,2014,2014,2,1
chr_excessive_drinking,2017,2017-12-31,2015,2015,2015,2,1
chr_excessive_drinking,2018,2018-12-31,2016,2016,2016,2,1
chr_excessive_drinking,2019,2019-12-31,2016,2016,2016,3,1
chr_excessive_drinking,2020,2020-12-31,2017,2017,2017,3,1
chr_excessive_drinking,2021,2021-12-31,2018,2018,2018,3,1
chr_excessive_drinking,2022,2022-12-31,2019,2019,2019,3,1
chr_excessive_drinking,2023,2023-12-31,2020,2020,2020,3,1
chr_excessive_drinking,2024,2024-12-31,2021,2021,2021,3,1
chr_excessive_drinking,2025,2025-12-31,2022,2022,2022,3,1
chr_fall_fatalities_65,2013,2013-12-31,2008-2010,2008,2010,5,0
chr_fall_fatalities_65,2014,2014-12-31,2009-2011,2009,2011,5,0
chr_fall_fatalities_65,2015,2015-12-31,2010-2012,2010,2012,5,0
chr_fall_fatalities_65,2016,2016-12-31,2010-2012,2010,2012,6,0
chr_fall_fatalities_65,2017,2017-12-31,2012-2014,2012,2014,5,0
chr_fall_fatalities_65,2018,2018-12-31,2017,2017,2017,1,0
chr_fall_fatalities_65,2019,2019-12-31,2014-2016,2014,2016,5,0
chr_fall_fatalities_65,2020,2020-12-31,2015-2017,2015,2017,5,0
chr_fast_food_restaurants,2012,2012-12-31,2009,2009,2009,3,1
chr_fast_food_restaurants,2013,2013-12-31,2010,2010,2010,3,1
chr_feelings_of_loneliness,2025,2025-12-31,2022,2022,2022,3,1
chr_female,2011,2011-12-31,2009,2009,2009,2,1
chr_female,2012,2012-12-31,2009,2009,2009,3,1
chr_female,2013,2013-12-31,2011,2011,2011,2,1
chr_female,2014,2014-12-31,2012,2012,2012,2,1
chr_female,2015,2015-12-31,2013,2013,2013,2,1
chr_female,2016,2016-12-31,2014,2014,2014,2,1
chr_female,2017,2017-12-31,2015,2015,2015,2,1
chr_female,2018,2018-12-31,2016,2016,2016,2,1
chr_female,2019,2019-12-31,2017,2017,2017,2,1
chr_female,2020,2020-12-31,2018,2018,2018,2,1
chr_female,2021,2021-12-31,2019,2019,2019,2,1
chr_female,2022,2022-12-31,2020,2020,2020,2,1
chr_female,2023,2023-12-31,2021,2021,2021,2,1
chr_female,2024,2024-12-31,2022,2022,2022,2,1
chr_female,2025,2025-12-31,2023,2023,2023,2,1
chr_female_population_0_17,2013,2013-12-31,2011,2011,2011,2,0
chr_female_population_0_17,2014,2014-12-31,2012,2012,2012,2,0
chr_female_population_0_17,2015,2015-12-31,2013,2013,2013,2,0
chr_female_population_0_17,2016,2016-12-31,2014,2014,2014,2,0
chr_female_population_0_17,2017,2017-12-31,2015,2015,2015,2,0
chr_female_population_0_17,2018,2018-12-31,2016,2016,2016,2,0
chr_female_population_0_17,2019,2019-12-31,2017,2017,2017,2,0
chr_female_population_0_17,2020,2020-12-31,2018,2018,2018,2,0
chr_female_population_18_44,2013,2013-12-31,2011,2011,2011,2,0
chr_female_population_18_44,2014,2014-12-31,2012,2012,2012,2,0
chr_female_population_18_44,2015,2015-12-31,2013,2013,2013,2,0
chr_female_population_18_44,2016,2016-12-31,2014,2014,2014,2,0
chr_female_population_18_44,2017,2017-12-31,2015,2015,2015,2,0
chr_female_population_18_44,2018,2018-12-31,2016,2016,2016,2,0
chr_female_population_18_44,2019,2019-12-31,2017,2017,2017,2,0
chr_female_population_18_44,2020,2020-12-31,2018,2018,2018,2,0
chr_female_population_45_64,2013,2013-12-31,2011,2011,2011,2,0
chr_female_population_45_64,2014,2014-12-31,2012,2012,2012,2,0
chr_female_population_45_64,2015,2015-12-31,2013,2013,2013,2,0
chr_female_population_45_64,2016,2016-12-31,2014,2014,2014,2,0
chr_female_population_45_64,2017,2017-12-31,2015,2015,2015,2,0
chr_female_population_45_64,2018,2018-12-31,2016,2016,2016,2,0
chr_female_population_45_64,2019,2019-12-31,2017,2017,2017,2,0
chr_female_population_45_64,2020,2020-12-31,2018,2018,2018,2,0
chr_female_population_65,2013,2013-12-31,2011,2011,2011,2,0
chr_female_population_65,2014,2014-12-31,2012,2012,2012,2,0
chr_female_population_65,2015,2015-12-31,2013,2013,2013,2,0
chr_female_population_65,2016,2016-12-31,2014,2014,2014,2,0
chr_female_population_65,2017,2017-12-31,2015,2015,2015,2,0
chr_female_population_65,2018,2018-12-31,2016,2016,2016,2,0
chr_female_population_65,2019,2019-12-31,2017,2017,2017,2,0
chr_female_population_65,2020,2020-12-31,2018,2018,2018,2,0
chr_firearm_fatalities,2017,2017-12-31,2011-2015,2011,2015,6,0
chr_firearm_fatalities,2018,2018-12-31,2012-2016,2012,2016,6,0
chr_firearm_fatalities,2019,2019-12-31,2013-2017,2013,2017,6,0
chr_firearm_fatalities,2020,2020-12-31,2014-2018,2014,2018,6,0
chr_firearm_fatalities,2021,2021-12-31,2015-2019,2015,2019,6,0
chr_firearm_fatalities,2022,2022-12-31,2016-2020,2016,2020,6,0
chr_firearm_fatalities,2023,2023-12-31,2016-2020,2016,2020,7,0
chr_firearm_fatalities,2024,2024-12-31,2017-2021,2017,2021,7,0
chr_firearm_fatalities,2025,2025-12-31,2018-2022,2018,2022,7,0
chr_flu_vaccinations,2019,2019-12-31,2016,2016,2016,3,1
chr_flu_vaccinations,2020,2020-12-31,2017,2017,2017,3,1
chr_flu_vaccinations,2021,2021-12-31,2018,2018,2018,3,1
chr_flu_vaccinations,2022,2022-12-31,2019,2019,2019,3,1
chr_flu_vaccinations,2023,2023-12-31,2020,2020,2020,3,1
chr_flu_vaccinations,2024,2024-12-31,2021,2021,2021,3,1
chr_flu_vaccinations,2025,2025-12-31,2022,2022,2022,3,1
chr_food_environment_index,2014,2014-12-31,2010-2011,2010,2011,4,0
chr_food_environment_index,2015,2015-12-31,2012,2012,2012,3,0
chr_food_environment_index,2016,2016-12-31,2010 & 2013,2010,2013,6,0
chr_food_environment_index,2017,2017-12-31,2010 & 2014,2010,2014,7,0
chr_food_environment_index,2018,2018-12-31,2015,2015,2015,3,0
chr_food_environment_index,2019,2019-12-31,2015 & 2016,2015,2016,4,0
chr_food_environment_index,2020,2020-12-31,2015 & 2017,2015,2017,5,0
chr_food_environment_index,2021,2021-12-31,2015 and 20,2015,2015,6,0
chr_food_environment_index,2022,2022-12-31,2019,2019,2019,3,0
chr_food_environment_index,2023,2023-12-31,2019 & 2020,2019,2020,4,0
chr_food_environment_index,2024,2024-12-31,2019 & 2021,2019,2021,5,0
chr_food_environment_index,2025,2025-12-31,2019 & 2022,2019,2022,6,0
chr_food_insecurity,2014,2014-12-31,2011,2011,2011,3,1
chr_food_insecurity,2015,2015-12-31,2012,2012,2012,3,1
chr_food_insecurity,2016,2016-12-31,2013,2013,2013,3,1
chr_food_insecurity,2017,2017-12-31,2014,2014,2014,3,1
chr_food_insecurity,2018,2018-12-31,2015,2015,2015,3,1
chr_food_insecurity,2019,2019-12-31,2016,2016,2016,3,1
chr_food_insecurity,2020,2020-12-31,2017,2017,2017,3,1
chr_food_insecurity,2021,2021-12-31,2018,2018,2018,3,1
chr_food_insecurity,2022,2022-12-31,2019,2019,2019,3,1
chr_food_insecurity,2023,2023-12-31,2020,2020,2020,3,1
chr_food_insecurity,2024,2024-12-31,2021,2021,2021,3,1
chr_food_insecurity,2025,2025-12-31,2022,2022,2022,3,1
chr_frequent_mental_distress,2016,2016-12-31,2014,2014,2014,2,1
chr_frequent_mental_distress,2017,2017-12-31,2015,2015,2015,2,1
chr_frequent_mental_distress,2018,2018-12-31,2016,2016,2016,2,1
chr_frequent_mental_distress,2019,2019-12-31,2016,2016,2016,3,1
chr_frequent_mental_distress,2020,2020-12-31,2017,2017,2017,3,1
chr_frequent_mental_distress,2021,2021-12-31,2018,2018,2018,3,1
chr_frequent_mental_distress,2022,2022-12-31,2019,2019,2019,3,1
chr_frequent_mental_distress,2023,2023-12-31,2020,2020,2020,3,1
chr_frequent_mental_distress,2024,2024-12-31,2021,2021,2021,3,1
chr_frequent_mental_distress,2025,2025-12-31,2022,2022,2022,3,1
chr_frequent_physical_distress,2016,2016-12-31,2014,2014,2014,2,1
chr_frequent_physical_distress,2017,2017-12-31,2015,2015,2015,2,1
chr_frequent_physical_distress,2018,2018-12-31,2016,2016,2016,2,1
chr_frequent_physical_distress,2019,2019-12-31,2016,2016,2016,3,1
chr_frequent_physical_distress,2020,2020-12-31,2017,2017,2017,3,1
chr_frequent_physical_distress,2021,2021-12-31,2018,2018,2018,3,1
chr_frequent_physical_distress,2022,2022-12-31,2019,2019,2019,3,1
chr_frequent_physical_distress,2023,2023-12-31,2020,2020,2020,3,1
chr_frequent_physical_distress,2024,2024-12-31,2021,2021,2021,3,1
chr_frequent_physical_distress,2025,2025-12-31,2022,2022,2022,3,1
chr_gender_pay_gap,2022,2022-12-31,2016-2020,2016,2020,6,0
chr_gender_pay_gap,2023,2023-12-31,2017-2021,2017,2021,6,0
chr_gender_pay_gap,2024,2024-12-31,2018-2022,2018,2022,6,0
chr_gender_pay_gap,2025,2025-12-31,2019-2023,2019,2023,6,0
chr_hate_crimes,2013,2013-12-31,2009,2009,2009,4,0
chr_hate_crimes,2014,2014-12-31,2009,2009,2009,5,0
chr_hate_crimes,2015,2015-12-31,2012,2012,2012,3,0
chr_hate_crimes,2016,2016-12-31,2013,2013,2013,3,0
chr_hate_crimes,2017,2017-12-31,2014,2014,2014,3,0
chr_hate_crimes,2018,2018-12-31,2015,2015,2015,3,0
chr_hate_crimes,2019,2019-12-31,2016,2016,2016,3,0
chr_health_care_costs,2012,2012-12-31,2007,2007,2007,5,2
chr_health_care_costs,2013,2013-12-31,2010,2010,2010,3,2
chr_health_care_costs,2014,2014-12-31,2011,2011,2011,3,2
chr_health_care_costs,2015,2015-12-31,2012,2012,2012,3,2
chr_health_care_costs,2016,2016-12-31,2013,2013,2013,3,2
chr_health_care_costs,2017,2017-12-31,2014,2014,2014,3,2
chr_health_care_costs,2018,2018-12-31,2015,2015,2015,3,2
chr_high_housing_costs,2011,2011-12-31,2005-2009,2005,2009,6,1
chr_high_housing_costs,2012,2012-12-31,2006-2010,2006,2010,6,1
chr_high_housing_costs,2013,2013-12-31,2007-2011,2007,2011,6,1
chr_high_school_completion,2021,2021-12-31,2015-2019,2015,2019,6,1
chr_high_school_completion,2022,2022-12-31,2016-2020,2016,2020,6,1
chr_high_school_completion,2023,2023-12-31,2017-2021,2017,2021,6,1
chr_high_school_completion,2024,2024-12-31,2018-2022,2018,2022,6,1
chr_high_school_completion,2025,2025-12-31,2019-2023,2019,2023,6,1
chr_high_school_graduation,2010,2010-12-31,2005-2006,2005,2006,5,1
chr_high_school_graduation,2011,2011-12-31,2006-2007,2006,2007,5,1
chr_high_school_graduation,2012,2012-12-31,2008-2009,2008,2009,4,1
chr_high_school_graduation,2013,2013-12-31,2008-2009,2008,2009,5,1
chr_high_school_graduation,2014,2014-12-31,2010-2011,2010,2011,4,1
chr_high_school_graduation,2015,2015-12-31,2011-2012,2011,2012,4,1
chr_high_school_graduation,2016,2016-12-31,2012-2013,2012,2013,4,1
chr_high_school_graduation,2017,2017-12-31,2014-2015,2014,2015,3,1
chr_high_school_graduation,2018,2018-12-31,2014-2015,2014,2015,4,1
chr_high_school_graduation,2019,2019-12-31,2016-2017,2016,2017,3,1
chr_high_school_graduation,2020,2020-12-31,2016-2017,2016,2017,4,1
chr_high_school_graduation,2021,2021-12-31,2017-2018,2017,2018,4,1
chr_high_school_graduation,2022,2022-12-31,2018-2019,2018,2019,4,1
chr_high_school_graduation,2023,2023-12-31,2019-2020,2019,2020,4,1
chr_high_school_graduation,2024,2024-12-31,2020-2021,2020,2021,4,1
chr_high_school_graduation,2025,2025-12-31,2021-2022,2021,2022,4,1
chr_hispanic,2011,2011-12-31,2009,2009,2009,2,1
chr_hispanic,2012,2012-12-31,2009,2009,2009,3,1
chr_hispanic,2013,2013-12-31,2011,2011,2011,2,1
chr_hispanic,2014,2014-12-31,2012,2012,2012,2,1
chr_hispanic,2015,2015-12-31,2013,2013,2013,2,1
chr_hispanic,2016,2016-12-31,2014,2014,2014,2,1
chr_hispanic,2017,2017-12-31,2015,2015,2015,2,1
chr_hispanic,2018,2018-12-31,2016,2016,2016,2,1
chr_hispanic,2019,2019-12-31,2017,2017,2017,2,1
chr_hispanic,2020,2020-12-31,2018,2018,2018,2,1
chr_hispanic,2021,2021-12-31,2019,2019,2019,2,1
chr_hispanic,2022,2022-12-31,2020,2020,2020,2,1
chr_hispanic,2023,2023-12-31,2021,2021,2021,2,1
chr_hispanic,2024,2024-12-31,2022,2022,2022,2,1
chr_hispanic,2025,2025-12-31,2023,2023,2023,2,1
chr_hiv_prevalence,2011,2011-12-31,2007,2007,2007,4,0
chr_hiv_prevalence,2012,2012-12-31,2008,2008,2008,4,0
chr_hiv_prevalence,2013,2013-12-31,2009,2009,2009,4,0
chr_hiv_prevalence,2014,2014-12-31,2010,2010,2010,4,0
chr_hiv_prevalence,2015,2015-12-31,2010,2010,2010,5,0
chr_hiv_prevalence,2016,2016-12-31,2012,2012,2012,4,0
chr_hiv_prevalence,2017,2017-12-31,2013,2013,2013,4,0
chr_hiv_prevalence,2018,2018-12-31,2015,2015,2015,3,0
chr_hiv_prevalence,2019,2019-12-31,2015,2015,2015,4,0
chr_hiv_prevalence,2020,2020-12-31,2016,2016,2016,4,0
chr_hiv_prevalence,2021,2021-12-31,2018,2018,2018,3,0
chr_hiv_prevalence,2022,2022-12-31,2019,2019,2019,3,0
chr_hiv_prevalence,2023,2023-12-31,2020,2020,2020,3,0
chr_hiv_prevalence,2024,2024-12-31,2021,2021,2021,3,0
chr_hiv_prevalence,2025,2025-12-31,2022,2022,2022,3,0
chr_homeownership,2019,2019-12-31,2013-2017,2013,2017,6,1
chr_homeownership,2020,2020-12-31,2014-2018,2014,2018,6,1
chr_homeownership,2021,2021-12-31,2015-2019,2015,2019,6,1
chr_homeownership,2022,2022-12-31,2016-2020,2016,2020,6,1
chr_homeownership,2023,2023-12-31,2017-2021,2017,2021,6,1
chr_homeownership,2024,2024-12-31,2018-2022,2018,2022,6,1
chr_homeownership,2025,2025-12-31,2019-2023,2019,2023,6,1
chr_homicides,2010,2010-12-31,2000-2006,2000,2006,10,0
chr_homicides,2011,2011-12-31,2001-2007,2001,2007,10,0
chr_homicides,2012,2012-12-31,2002-2008,2002,2008,10,0
chr_homicides,2013,2013-12-31,2004-2010,2004,2010,9,0
chr_homicides,2014,2014-12-31,2004-2010,2004,2010,10,0
chr_homicides,2015,2015-12-31,2006-2012,2006,2012,9,0
chr_homicides,2016,2016-12-31,2007-2013,2007,2013,9,0
chr_homicides,2017,2017-12-31,2009-2015,2009,2015,8,0
chr_homicides,2018,2018-12-31,2010-2016,2010,2016,8,0
chr_homicides,2019,2019-12-31,2011-2017,2011,2017,8,0
chr_homicides,2020,2020-12-31,2012-2018,2012,2018,8,0
chr_homicides,2021,2021-12-31,2013-2019,2013,2019,8,0
chr_homicides,2022,2022-12-31,2014-2020,2014,2020,8,0
chr_homicides,2023,2023-12-31,2014-2020,2014,2020,9,0
chr_homicides,2024,2024-12-31,2015-2021,2015,2021,9,0
chr_homicides,2025,2025-12-31,2016-2022,2016,2022,9,0
chr_illiteracy,2011,2011-12-31,2003,2003,2003,8,1
chr_illiteracy,2012,2012-12-31,2003,2003,2003,9,1
chr_inadequate_social_support,2010,2010-12-31,2005-2008,2005,2008,5,1
chr_inadequate_social_support,2011,2011-12-31,2005-2009,2005,2009,6,1
chr_inadequate_social_support,2012,2012-12-31,2005-2010,2005,2010,7,1
chr_inadequate_social_support,2013,2013-12-31,2005-2010,2005,2010,8,1
chr_inadequate_social_support,2014,2014-12-31,2005-2010,2005,2010,9,1
chr_income_inequality,2015,2015-12-31,2009-2013,2009,2013,6,0
chr_income_inequality,2016,2016-12-31,2010-2014,2010,2014,6,0
chr_income_inequality,2017,2017-12-31,2011-2015,2011,2015,6,0
chr_income_inequality,2018,2018-12-31,2012-2016,2012,2016,6,0
chr_income_inequality,2019,2019-12-31,2013-2017,2013,2017,6,0
chr_income_inequality,2020,2020-12-31,2014-2018,2014,2018,6,0
chr_income_inequality,2021,2021-12-31,2015-2019,2015,2019,6,0
chr_income_inequality,2022,2022-12-31,2016-2020,2016,2020,6,0
chr_income_inequality,2023,2023-12-31,2017-2021,2017,2021,6,0
chr_income_inequality,2024,2024-12-31,2018-2022,2018,2022,6,0
chr_income_inequality,2025,2025-12-31,2019-2023,2019,2023,6,0
chr_infant_mortality,2013,2013-12-31,2006-2010,2006,2010,7,0
chr_infant_mortality,2014,2014-12-31,2002-2008,2002,2008,12,0
chr_infant_mortality,2015,2015-12-31,2004-2010,2004,2010,11,0
chr_infant_mortality,2016,2016-12-31,2006-2012,2006,2012,10,0
chr_infant_mortality,2017,2017-12-31,2007-2013,2007,2013,10,0
chr_infant_mortality,2018,2018-12-31,2010-2016,2010,2016,8,0
chr_infant_mortality,2019,2019-12-31,2011-2017,2011,2017,8,0
chr_infant_mortality,2020,2020-12-31,2012-2018,2012,2018,8,0
chr_infant_mortality,2021,2021-12-31,2013-2019,2013,2019,8,0
chr_infant_mortality,2022,2022-12-31,2014-2020,2014,2020,8,0
chr_infant_mortality,2023,2023-12-31,2014-2020,2014,2020,9,0
chr_infant_mortality,2024,2024-12-31,2015-2021,2015,2021,9,0
chr_infant_mortality,2025,2025-12-31,2016-2022,2016,2022,9,0
chr_influenza_immunizations_65,2013,2013-12-31,2006-2008,2006,2008,7,1
chr_influenza_immunizations_65,2014,2014-12-31,2006-2008,2006,2008,8,1
chr_injury_deaths,2014,2014-12-31,2006-2010,2006,2010,8,0
chr_injury_deaths,2015,2015-12-31,2008-2012,2008,2012,7,0
chr_injury_deaths,2016,2016-12-31,2009-2013,2009,2013,7,0
chr_injury_deaths,2017,2017-12-31,2011-2015,2011,2015,6,0
chr_injury_deaths,2018,2018-12-31,2012-2016,2012,2016,6,0
chr_injury_deaths,2019,2019-12-31,2013-2017,2013,2017,6,0
chr_injury_deaths,2020,2020-12-31,2014-2018,2014,2018,6,0
chr_injury_deaths,2021,2021-12-31,2015-2019,2015,2019,6,0
chr_injury_deaths,2022,2022-12-31,2016-2020,2016,2020,6,0
chr_injury_deaths,2023,2023-12-31,2016-2020,2016,2020,7,0
chr_injury_deaths,2024,2024-12-31,2017-2021,2017,2021,7,0
chr_injury_deaths,2025,2025-12-31,2018-2022,2018,2022,7,0
chr_injury_hospitalizations,2013,2013-12-31,2010,2010,2010,3,0
chr_injury_hospitalizations,2014,2014-12-31,2012,2012,2012,2,0
chr_injury_hospitalizations,2015,2015-12-31,2012,2012,2012,3,0
chr_injury_hospitalizations,2016,2016-12-31,2013,2013,2013,3,0
chr_injury_hospitalizations,2017,2017-12-31,2014,2014,2014,3,0
chr_injury_hospitalizations,2018,2018-12-31,2014,2014,2014,4,0
chr_injury_hospitalizations,2019,2019-12-31,2017,2017,2017,2,0
chr_injury_hospitalizations,2020,2020-12-31,2018,2018,2018,2,0
chr_insufficient_sleep,2016,2016-12-31,2014,2014,2014,2,1
chr_insufficient_sleep,2017,2017-12-31,2014,2014,2014,3,1
chr_insufficient_sleep,2018,2018-12-31,2016,2016,2016,2,1
chr_insufficient_sleep,2019,2019-12-31,2016,2016,2016,3,1
chr_insufficient_sleep,2020,2020-12-31,2016,2016,2016,4,1
chr_insufficient_sleep,2021,2021-12-31,2018,2018,2018,3,1
chr_insufficient_sleep,2022,2022-12-31,2018,2018,2018,4,1
chr_insufficient_sleep,2023,2023-12-31,2020,2020,2020,3,1
chr_insufficient_sleep,2024,2024-12-31,2020,2020,2020,4,1
chr_insufficient_sleep,2025,2025-12-31,2022,2022,2022,3,1
chr_juvenile_arrests,2020,2020-12-31,2017,2017,2017,3,0
chr_juvenile_arrests,2021,2021-12-31,2018,2018,2018,3,0
chr_juvenile_arrests,2022,2022-12-31,2019,2019,2019,3,0
chr_juvenile_arrests,2023,2023-12-31,2019,2019,2019,4,0
chr_juvenile_arrests,2024,2024-12-31,2021,2021,2021,3,0
chr_lack_of_social_and_emotional_support,2025,2025-12-31,2022,2022,2022,3,1
chr_large_cities,2023,2023-12-31,2022,2022,2022,1,0
chr_lead_poisoned_children,2010,2010-12-31,2008,2008,2008,2,1
chr_lead_poisoned_children,2011,2011-12-31,2009,2009,2009,2,1
chr_lead_poisoned_children,2012,2012-12-31,2010,2010,2010,2,1
chr_lead_poisoned_children,2013,2013-12-31,2010,2010,2010,3,1
chr_library_access,2025,2025-12-31,2022,2022,2022,3,9
chr_life_expectancy,2019,2019-12-31,2015-2017,2015,2017,4,8
chr_life_expectancy,2020,2020-12-31,2016-2018,2016,2018,4,8
chr_life_expectancy,2021,2021-12-31,2017-2019,2017,2019,4,8
chr_life_expectancy,2022,2022-12-31,2018-2020,2018,2020,4,8
chr_life_expectancy,2023,2023-12-31,2018-2020,2018,2020,5,8
chr_life_expectancy,2024,2024-12-31,2019-2021,2019,2021,5,8
chr_life_expectancy,2025,2025-12-31,2020-2022,2020,2022,5,8
chr_limited_access_to_healthy_foods,2012,2012-12-31,2006,2006,2006,6,1
chr_limited_access_to_healthy_foods,2013,2013-12-31,2010,2010,2010,3,1
chr_limited_access_to_healthy_foods,2014,2014-12-31,2010,2010,2010,4,1
chr_limited_access_to_healthy_foods,2015,2015-12-31,2010,2010,2010,5,1
chr_limited_access_to_healthy_foods,2016,2016-12-31,2010,2010,2010,6,1
chr_limited_access_to_healthy_foods,2017,2017-12-31,2010,2010,2010,7,1
chr_limited_access_to_healthy_foods,2018,2018-12-31,2015,2015,2015,3,1
chr_limited_access_to_healthy_foods,2019,2019-12-31,2015,2015,2015,4,1
chr_limited_access_to_healthy_foods,2020,2020-12-31,2015,2015,2015,5,1
chr_limited_access_to_healthy_foods,2021,2021-12-31,2015,2015,2015,6,1
chr_limited_access_to_healthy_foods,2022,2022-12-31,2019,2019,2019,3,1
chr_limited_access_to_healthy_foods,2023,2023-12-31,2019,2019,2019,4,1
chr_limited_access_to_healthy_foods,2024,2024-12-31,2019,2019,2019,5,1
chr_limited_access_to_healthy_foods,2025,2025-12-31,2019,2019,2019,6,1
chr_living_wage,2022,2022-12-31,2021,2021,2021,1,2
chr_living_wage,2023,2023-12-31,2022,2022,2022,1,2
chr_living_wage,2024,2024-12-31,2023,2023,2023,1,2
chr_living_wage,2025,2025-12-31,2024,2024,2024,1,2
chr_local_health_department_staffing,2013,2013-12-31,2010,2010,2010,3,0
chr_local_health_department_staffing,2014,2014-12-31,2010,2010,2010,4,0
chr_local_health_department_staffing,2015,2015-12-31,2012,2012,2012,3,0
chr_local_health_department_staffing,2016,2016-12-31,2013,2013,2013,3,0
chr_local_health_department_staffing,2017,2017-12-31,2014,2014,2014,3,0
chr_long_commute_driving_alone,2014,2014-12-31,2008-2012,2008,2012,6,1
chr_long_commute_driving_alone,2015,2015-12-31,2009-2013,2009,2013,6,1
chr_long_commute_driving_alone,2016,2016-12-31,2010-2014,2010,2014,6,1
chr_long_commute_driving_alone,2017,2017-12-31,2011-2015,2011,2015,6,1
chr_long_commute_driving_alone,2018,2018-12-31,2012-2016,2012,2016,6,1
chr_long_commute_driving_alone,2019,2019-12-31,2013-2017,2013,2017,6,1
chr_long_commute_driving_alone,2020,2020-12-31,2014-2018,2014,2018,6,1
chr_long_commute_driving_alone,2021,2021-12-31,2015-2019,2015,2019,6,1
chr_long_commute_driving_alone,2022,2022-12-31,2016-2020,2016,2020,6,1
chr_long_commute_driving_alone,2023,2023-12-31,2017-2021,2017,2021,6,1
chr_long_commute_driving_alone,2024,2024-12-31,2018-2022,2018,2022,6,1
chr_long_commute_driving_alone,2025,2025-12-31,2019-2023,2019,2023,6,1
chr_low_birth_weight,2010,2010-12-31,2000-2006,2000,2006,10,1
chr_low_birth_weight,2011,2011-12-31,2001-2007,2001,2007,10,1
chr_low_birth_weight,2012,2012-12-31,2002-2008,2002,2008,10,1
chr_low_birth_weight,2013,2013-12-31,2004-2010,2004,2010,9,1
chr_low_birth_weight,2014,2014-12-31,2005-2011,2005,2011,9,1
chr_low_birth_weight,2015,2015-12-31,2006-2012,2006,2012,9,1
chr_low_birth_weight,2016,2016-12-31,2007-2013,2007,2013,9,1
chr_low_birth_weight,2017,2017-12-31,2008-2014,2008,2014,9,1
chr_low_birth_weight,2018,2018-12-31,2010-2016,2010,2016,8,1
chr_low_birth_weight,2019,2019-12-31,2011-2017,2011,2017,8,1
chr_low_birth_weight,2020,2020-12-31,2012-2018,2012,2018,8,1
chr_low_birth_weight,2021,2021-12-31,2013-2019,2013,2019,8,1
chr_low_birth_weight,2022,2022-12-31,2014-2020,2014,2020,8,1
chr_low_birth_weight,2023,2023-12-31,2014-2020,2014,2020,9,1
chr_low_birth_weight,2024,2024-12-31,2016-2022,2016,2022,8,1
chr_low_birth_weight,2025,2025-12-31,2017-2023,2017,2023,8,1
chr_male_population_0_17,2013,2013-12-31,2011,2011,2011,2,0
chr_male_population_0_17,2014,2014-12-31,2012,2012,2012,2,0
chr_male_population_0_17,2015,2015-12-31,2013,2013,2013,2,0
chr_male_population_0_17,2016,2016-12-31,2014,2014,2014,2,0
chr_male_population_0_17,2017,2017-12-31,2015,2015,2015,2,0
chr_male_population_0_17,2018,2018-12-31,2016,2016,2016,2,0
chr_male_population_0_17,2019,2019-12-31,2017,2017,2017,2,0
chr_male_population_0_17,2020,2020-12-31,2018,2018,2018,2,0
chr_male_population_18_44,2013,2013-12-31,2011,2011,2011,2,0
chr_male_population_18_44,2014,2014-12-31,2012,2012,2012,2,0
chr_male_population_18_44,2015,2015-12-31,2013,2013,2013,2,0
chr_male_population_18_44,2016,2016-12-31,2014,2014,2014,2,0
chr_male_population_18_44,2017,2017-12-31,2015,2015,2015,2,0
chr_male_population_18_44,2018,2018-12-31,2016,2016,2016,2,0
chr_male_population_18_44,2019,2019-12-31,2017,2017,2017,2,0
chr_male_population_18_44,2020,2020-12-31,2018,2018,2018,2,0
chr_male_population_45_64,2013,2013-12-31,2011,2011,2011,2,0
chr_male_population_45_64,2014,2014-12-31,2012,2012,2012,2,0
chr_male_population_45_64,2015,2015-12-31,2013,2013,2013,2,0
chr_male_population_45_64,2016,2016-12-31,2014,2014,2014,2,0
chr_male_population_45_64,2017,2017-12-31,2015,2015,2015,2,0
chr_male_population_45_64,2018,2018-12-31,2016,2016,2016,2,0
chr_male_population_45_64,2019,2019-12-31,2017,2017,2017,2,0
chr_male_population_45_64,2020,2020-12-31,2018,2018,2018,2,0
chr_male_population_65,2013,2013-12-31,2011,2011,2011,2,0
chr_male_population_65,2014,2014-12-31,2012,2012,2012,2,0
chr_male_population_65,2015,2015-12-31,2013,2013,2013,2,0
chr_male_population_65,2016,2016-12-31,2014,2014,2014,2,0
chr_male_population_65,2017,2017-12-31,2015,2015,2015,2,0
chr_male_population_65,2018,2018-12-31,2016,2016,2016,2,0
chr_male_population_65,2019,2019-12-31,2017,2017,2017,2,0
chr_male_population_65,2020,2020-12-31,2018,2018,2018,2,0
chr_mammography_screening,2011,2011-12-31,2006-2007,2006,2007,5,1
chr_mammography_screening,2012,2012-12-31,2009,2009,2009,3,1
chr_mammography_screening,2013,2013-12-31,2010,2010,2010,3,1
chr_mammography_screening,2014,2014-12-31,2011,2011,2011,3,1
chr_mammography_screening,2015,2015-12-31,2012,2012,2012,3,1
chr_mammography_screening,2016,2016-12-31,2013,2013,2013,3,1
chr_mammography_screening,2017,2017-12-31,2014,2014,2014,3,1
chr_mammography_screening,2018,2018-12-31,2014,2014,2014,4,1
chr_mammography_screening,2019,2019-12-31,2016,2016,2016,3,1
chr_mammography_screening,2020,2020-12-31,2017,2017,2017,3,1
chr_mammography_screening,2021,2021-12-31,2018,2018,2018,3,1
chr_mammography_screening,2022,2022-12-31,2019,2019,2019,3,1
chr_mammography_screening,2023,2023-12-31,2020,2020,2020,3,1
chr_mammography_screening,2024,2024-12-31,2021,2021,2021,3,1
chr_mammography_screening,2025,2025-12-31,2022,2022,2022,3,1
chr_math_scores,2020,2020-12-31,2016,2016,2016,4,0
chr_math_scores,2021,2021-12-31,2018,2018,2018,3,0
chr_math_scores,2022,2022-12-31,2018,2018,2018,4,0
chr_math_scores,2023,2023-12-31,2018,2018,2018,5,0
chr_math_scores,2024,2024-12-31,2018,2018,2018,6,0
chr_math_scores,2025,2025-12-31,2019,2019,2019,6,0
chr_median_household_income,2011,2011-12-31,2008,2008,2008,3,2
chr_median_household_income,2012,2012-12-31,2010,2010,2010,2,2
chr_median_household_income,2013,2013-12-31,2011,2011,2011,2,2
chr_median_household_income,2014,2014-12-31,2012,2012,2012,2,2
chr_median_household_income,2015,2015-12-31,2013,2013,2013,2,2
chr_median_household_income,2016,2016-12-31,2014,2014,2014,2,2
chr_median_household_income,2017,2017-12-31,2015,2015,2015,2,2
chr_median_household_income,2018,2018-12-31,2016,2016,2016,2,2
chr_median_household_income,2019,2019-12-31,2017,2017,2017,2,2
chr_median_household_income,2020,2020-12-31,2018,2018,2018,2,2
chr_median_household_income,2021,2021-12-31,2019,2019,2019,2,2
chr_median_household_income,2022,2022-12-31,2020,2020,2020,2,2
chr_median_household_income,2023,2023-12-31,2021,2021,2021,2,2
chr_median_household_income,2024,2024-12-31,2022 & 2018,2018,2022,6,2
chr_median_household_income,2025,2025-12-31,2023 & 2019,2019,2023,6,2
chr_mental_health_providers,2011,2011-12-31,2008,2008,2008,3,3
chr_mental_health_providers,2012,2012-12-31,2008,2008,2008,4,3
chr_mental_health_providers,2013,2013-12-31,2010,2010,2010,3,3
chr_mental_health_providers,2014,2014-12-31,2013,2013,2013,1,3
chr_mental_health_providers,2015,2015-12-31,2014,2014,2014,1,3
chr_mental_health_providers,2016,2016-12-31,2015,2015,2015,1,3
chr_mental_health_providers,2017,2017-12-31,2016,2016,2016,1,3
chr_mental_health_providers,2018,2018-12-31,2017,2017,2017,1,3
chr_mental_health_providers,2019,2019-12-31,2018,2018,2018,1,3
chr_mental_health_providers,2020,2020-12-31,2019,2019,2019,1,3
chr_mental_health_providers,2021,2021-12-31,2020,2020,2020,1,3
chr_mental_health_providers,2022,2022-12-31,2021,2021,2021,1,3
chr_mental_health_providers,2023,2023-12-31,2022,2022,2022,1,3
chr_mental_health_providers,2024,2024-12-31,2023,2023,2023,1,3
chr_mental_health_providers,2025,2025-12-31,2024,2024,2024,1,3
chr_motor_vehicle_crash_deaths,2010,2010-12-31,2000-2006,2000,2006,10,0
chr_motor_vehicle_crash_deaths,2011,2011-12-31,2001-2007,2001,2007,10,0
chr_motor_vehicle_crash_deaths,2012,2012-12-31,2002-2008,2002,2008,10,0
chr_motor_vehicle_crash_deaths,2013,2013-12-31,2004-2010,2004,2010,9,0
chr_motor_vehicle_crash_deaths,2014,2014-12-31,2004-2010,2004,2010,10,0
chr_motor_vehicle_crash_deaths,2015,2015-12-31,2006-2012,2006,2012,9,0
chr_motor_vehicle_crash_deaths,2016,2016-12-31,2007-2013,2007,2013,9,0
chr_motor_vehicle_crash_deaths,2017,2017-12-31,2009-2015,2009,2015,8,0
chr_motor_vehicle_crash_deaths,2018,2018-12-31,2010-2016,2010,2016,8,0
chr_motor_vehicle_crash_deaths,2019,2019-12-31,2011-2017,2011,2017,8,0
chr_motor_vehicle_crash_deaths,2020,2020-12-31,2012-2018,2012,2018,8,0
chr_motor_vehicle_crash_deaths,2021,2021-12-31,2013-2019,2013,2019,8,0
chr_motor_vehicle_crash_deaths,2022,2022-12-31,2014-2020,2014,2020,8,0
chr_motor_vehicle_crash_deaths,2023,2023-12-31,2014-2020,2014,2020,9,0
chr_motor_vehicle_crash_deaths,2024,2024-12-31,2015-2021,2015,2021,9,0
chr_motor_vehicle_crash_deaths,2025,2025-12-31,2016-2022,2016,2022,9,0
chr_motor_vehicle_crash_occupancy_rate,2010,2010-12-31,2005-2007,2005,2007,5,0
chr_motor_vehicle_crash_occupancy_rate,2011,2011-12-31,2006-2008,2006,2008,5,0
chr_motor_vehicle_crash_occupancy_rate,2012,2012-12-31,2007-2009,2007,2009,5,0
chr_motor_vehicle_crash_occupancy_rate,2013,2013-12-31,2008-2010,2008,2010,5,0
chr_motor_vehicle_crash_occupancy_rate,2014,2014-12-31,2009-2011,2009,2011,5,0
chr_motor_vehicle_crash_occupancy_rate,2015,2015-12-31,2010-2012,2010,2012,5,0
chr_motor_vehicle_crash_occupancy_rate,2016,2016-12-31,2011-2013,2011,2013,5,0
chr_motor_vehicle_crash_occupancy_rate,2017,2017-12-31,2012-2014,2012,2014,5,0
chr_motor_vehicle_crash_occupancy_rate,2018,2018-12-31,2013 - 2015,2013,2015,5,0
chr_motor_vehicle_crash_occupancy_rate,2019,2019-12-31,2014 - 2016,2014,2016,5,0
chr_motor_vehicle_crash_occupancy_rate,2020,2020-12-31,2015-2017,2015,2017,5,0
chr_municipal_water_wi,2010,2010-12-31,2009,2009,2009,1,1
chr_municipal_water_wi,2011,2011-12-31,2010,2010,2010,1,1
chr_municipal_water_wi,2012,2012-12-31,2011,2011,2011,1,1
chr_native_hawaiian_or_other_pacific_islander,2011,2011-12-31,2009,2009,2009,2,1
chr_native_hawaiian_or_other_pacific_islander,2012,2012-12-31,2009,2009,2009,3,1
chr_native_hawaiian_or_other_pacific_islander,2013,2013-12-31,2011,2011,2011,2,1
chr_native_hawaiian_or_other_pacific_islander,2014,2014-12-31,2012,2012,2012,2,1
chr_native_hawaiian_or_other_pacific_islander,2015,2015-12-31,2013,2013,2013,2,1
chr_native_hawaiian_or_other_pacific_islander,2016,2016-12-31,2014,2014,2014,2,1
chr_native_hawaiian_or_other_pacific_islander,2017,2017-12-31,2015,2015,2015,2,1
chr_native_hawaiian_or_other_pacific_islander,2018,2018-12-31,2016,2016,2016,2,1
chr_native_hawaiian_or_other_pacific_islander,2019,2019-12-31,2017,2017,2017,2,1
chr_native_hawaiian_or_other_pacific_islander,2020,2020-12-31,2018,2018,2018,2,1
chr_native_hawaiian_or_other_pacific_islander,2021,2021-12-31,2019,2019,2019,2,1
chr_native_hawaiian_or_other_pacific_islander,2022,2022-12-31,2020,2020,2020,2,1
chr_native_hawaiian_or_other_pacific_islander,2023,2023-12-31,2021,2021,2021,2,1
chr_native_hawaiian_or_other_pacific_islander,2024,2024-12-31,2022,2022,2022,2,1
chr_native_hawaiian_or_other_pacific_islander,2025,2025-12-31,2023,2023,2023,2,1
chr_no_recent_dental_visit,2010,2010-12-31,2001-2007,2001,2007,9,1
chr_no_recent_dental_visit,2011,2011-12-31,2002-2008,2002,2008,9,1
chr_no_recent_dental_visit,2012,2012-12-31,2003-2009,2003,2009,9,1
chr_no_recent_dental_visit,2013,2013-12-31,2004-2010,2004,2010,9,1
chr_no_recent_dental_visit,2014,2014-12-31,2005-2011,2005,2011,9,1
chr_no_recent_dental_visit,2015,2015-12-31,2005-2011,2005,2011,10,1
chr_no_recent_dental_visit,2016,2016-12-31,2012 and 20,2012,2012,4,1
chr_no_recent_dental_visit,2017,2017-12-31,"2012, 2014,",2012,2014,5,1
chr_no_recent_dental_visit,2018,2018-12-31,"2012, 2014,",2012,2014,6,1
chr_non_hispanic_black,2011,2011-12-31,2009,2009,2009,2,1
chr_non_hispanic_black,2012,2012-12-31,2009,2009,2009,3,1
chr_non_hispanic_black,2013,2013-12-31,2011,2011,2011,2,1
chr_non_hispanic_black,2014,2014-12-31,2012,2012,2012,2,1
chr_non_hispanic_black,2015,2015-12-31,2013,2013,2013,2,1
chr_non_hispanic_black,2016,2016-12-31,2014,2014,2014,2,1
chr_non_hispanic_black,2017,2017-12-31,2015,2015,2015,2,1
chr_non_hispanic_black,2018,2018-12-31,2016,2016,2016,2,1
chr_non_hispanic_black,2019,2019-12-31,2017,2017,2017,2,1
chr_non_hispanic_black,2020,2020-12-31,2018,2018,2018,2,1
chr_non_hispanic_black,2021,2021-12-31,2019,2019,2019,2,1
chr_non_hispanic_black,2022,2022-12-31,2020,2020,2020,2,1
chr_non_hispanic_black,2023,2023-12-31,2021,2021,2021,2,1
chr_non_hispanic_black,2024,2024-12-31,2022,2022,2022,2,1
chr_non_hispanic_black,2025,2025-12-31,2023,2023,2023,2,1
chr_non_hispanic_white,2013,2013-12-31,2011,2011,2011,2,1
chr_non_hispanic_white,2014,2014-12-31,2012,2012,2012,2,1
chr_non_hispanic_white,2015,2015-12-31,2013,2013,2013,2,1
chr_non_hispanic_white,2016,2016-12-31,2014,2014,2014,2,1
chr_non_hispanic_white,2017,2017-12-31,2015,2015,2015,2,1
chr_non_hispanic_white,2018,2018-12-31,2016,2016,2016,2,1
chr_non_hispanic_white,2019,2019-12-31,2017,2017,2017,2,1
chr_non_hispanic_white,2020,2020-12-31,2018,2018,2018,2,1
chr_non_hispanic_white,2021,2021-12-31,2019,2019,2019,2,1
chr_non_hispanic_white,2022,2022-12-31,2020,2020,2020,2,1
chr_non_hispanic_white,2023,2023-12-31,2021,2021,2021,2,1
chr_non_hispanic_white,2024,2024-12-31,2022,2022,2022,2,1
chr_non_hispanic_white,2025,2025-12-31,2023,2023,2023,2,1
chr_not_proficient_in_english,2011,2011-12-31,2009,2009,2009,2,1
chr_not_proficient_in_english,2012,2012-12-31,2009,2009,2009,3,1
chr_not_proficient_in_english,2013,2013-12-31,2007-2011,2007,2011,6,1
chr_not_proficient_in_english,2014,2014-12-31,2008-2012,2008,2012,6,1
chr_not_proficient_in_english,2015,2015-12-31,2009-2013,2009,2013,6,1
chr_not_proficient_in_english,2016,2016-12-31,2010-2014,2010,2014,6,1
chr_not_proficient_in_english,2017,2017-12-31,2011-2015,2011,2015,6,1
chr_not_proficient_in_english,2018,2018-12-31,2012-2016,2012,2016,6,1
chr_not_proficient_in_english,2019,2019-12-31,2013-2017,2013,2017,6,1
chr_not_proficient_in_english,2020,2020-12-31,2014-2018,2014,2018,6,1
chr_not_proficient_in_english,2021,2021-12-31,2015-2019,2015,2019,6,1
chr_not_proficient_in_english,2022,2022-12-31,2016-2020,2016,2020,6,1
chr_not_proficient_in_english,2023,2023-12-31,2017-2021,2017,2021,6,1
chr_not_proficient_in_english,2024,2024-12-31,2018-2022,2018,2022,6,1
chr_not_proficient_in_english,2025,2025-12-31,2019-2023,2019,2023,6,1
chr_off_road_motor_vehicle_crash_related_er_visits,2010,2010-12-31,2005-2007,2005,2007,5,0
chr_off_road_motor_vehicle_crash_related_er_visits,2011,2011-12-31,2006-2008,2006,2008,5,0
chr_off_road_motor_vehicle_crash_related_er_visits,2012,2012-12-31,2007-2009,2007,2009,5,0
chr_off_road_motor_vehicle_crash_related_er_visits,2013,2013-12-31,2008-2010,2008,2010,5,0
chr_off_road_motor_vehicle_crash_related_er_visits,2014,2014-12-31,2010-2012,2010,2012,4,0
chr_off_road_motor_vehicle_crash_related_er_visits,2015,2015-12-31,2010-2012,2010,2012,5,0
chr_off_road_motor_vehicle_crash_related_er_visits,2016,2016-12-31,2011-2013,2011,2013,5,0
chr_off_road_motor_vehicle_crash_related_er_visits,2017,2017-12-31,2012-2014,2012,2014,5,0
chr_off_road_motor_vehicle_crash_related_er_visits,2018,2018-12-31,2012-2014,2012,2014,6,0
chr_off_road_motor_vehicle_crash_related_er_visits,2019,2019-12-31,2016 - 2017,2016,2017,3,0
chr_older_adults_living_alone,2013,2013-12-31,2007-2011,2007,2011,6,1
chr_older_adults_living_alone,2014,2014-12-31,2008-2012,2008,2012,6,1
chr_older_adults_living_alone,2015,2015-12-31,2009-2013,2009,2013,6,1
chr_older_adults_living_alone,2016,2016-12-31,2010-2014,2010,2014,6,1
chr_older_adults_living_alone,2017,2017-12-31,2011-2015,2011,2015,6,1
chr_older_adults_living_alone,2018,2018-12-31,2012 - 2016,2012,2016,6,1
chr_older_adults_living_alone,2019,2019-12-31,2018,2018,2018,1,1
chr_older_adults_living_alone,2020,2020-12-31,2014-2018,2014,2018,6,1
chr_on_road_motor_vehicle_crash_related_er_visits,2010,2010-12-31,2005-2007,2005,2007,5,0
chr_on_road_motor_vehicle_crash_related_er_visits,2011,2011-12-31,2006-2008,2006,2008,5,0
chr_on_road_motor_vehicle_crash_related_er_visits,2012,2012-12-31,2007-2009,2007,2009,5,0
chr_on_road_motor_vehicle_crash_related_er_visits,2013,2013-12-31,2008-2010,2008,2010,5,0
chr_on_road_motor_vehicle_crash_related_er_visits,2014,2014-12-31,2010-2012,2010,2012,4,0
chr_on_road_motor_vehicle_crash_related_er_visits,2015,2015-12-31,2012-2014,2012,2014,3,0
chr_on_road_motor_vehicle_crash_related_er_visits,2016,2016-12-31,2013-2015,2013,2015,3,0
chr_on_road_motor_vehicle_crash_related_er_visits,2017,2017-12-31,2014-2016,2014,2016,3,0
chr_on_road_motor_vehicle_crash_related_er_visits,2018,2018-12-31,2012-2014,2012,2014,6,0
chr_on_road_motor_vehicle_crash_related_er_visits,2019,2019-12-31,2016 - 2017,2016,2017,3,0
chr_on_road_motor_vehicle_crash_related_er_visits,2020,2020-12-31,2016-2018,2016,2018,4,0
chr_opioid_hospital_visits,2019,2019-12-31,2016,2016,2016,3,0
chr_opioid_hospital_visits,2020,2020-12-31,2017,2017,2017,3,0
chr_other_primary_care_providers,2014,2014-12-31,2013,2013,2013,1,3
chr_other_primary_care_providers,2015,2015-12-31,2014,2014,2014,1,3
chr_other_primary_care_providers,2016,2016-12-31,2015,2015,2015,1,3
chr_other_primary_care_providers,2017,2017-12-31,2016,2016,2016,1,3
chr_other_primary_care_providers,2018,2018-12-31,2017,2017,2017,1,3
chr_other_primary_care_providers,2019,2019-12-31,2018,2018,2018,1,3
chr_other_primary_care_providers,2020,2020-12-31,2019,2019,2019,1,3
chr_other_primary_care_providers,2021,2021-12-31,2020,2020,2020,1,3
chr_other_primary_care_providers,2022,2022-12-31,2021,2021,2021,1,3
chr_other_primary_care_providers,2023,2023-12-31,2022,2022,2022,1,3
chr_other_primary_care_providers,2024,2024-12-31,2023,2023,2023,1,3
chr_other_primary_care_providers,2025,2025-12-31,2024,2024,2024,1,3
chr_physical_inactivity,2011,2011-12-31,2008,2008,2008,3,1
chr_physical_inactivity,2012,2012-12-31,2009,2009,2009,3,1
chr_physical_inactivity,2013,2013-12-31,2009,2009,2009,4,1
chr_physical_inactivity,2014,2014-12-31,2010,2010,2010,4,1
chr_physical_inactivity,2015,2015-12-31,2011,2011,2011,4,1
chr_physical_inactivity,2016,2016-12-31,2012,2012,2012,4,1
chr_physical_inactivity,2017,2017-12-31,2013,2013,2013,4,1
chr_physical_inactivity,2018,2018-12-31,2014,2014,2014,4,1
chr_physical_inactivity,2019,2019-12-31,2015,2015,2015,4,1
chr_physical_inactivity,2020,2020-12-31,2016,2016,2016,4,1
chr_physical_inactivity,2021,2021-12-31,2017,2017,2017,4,1
chr_physical_inactivity,2022,2022-12-31,2019,2019,2019,3,1
chr_physical_inactivity,2023,2023-12-31,2020,2020,2020,3,1
chr_physical_inactivity,2024,2024-12-31,2021,2021,2021,3,1
chr_physical_inactivity,2025,2025-12-31,2022,2022,2022,3,1
chr_poor_mental_health_days,2010,2010-12-31,2002-2008,2002,2008,8,0
chr_poor_mental_health_days,2011,2011-12-31,2003-2009,2003,2009,8,0
chr_poor_mental_health_days,2012,2012-12-31,2004-2010,2004,2010,8,0
chr_poor_mental_health_days,2013,2013-12-31,2005-2011,2005,2011,8,0
chr_poor_mental_health_days,2014,2014-12-31,2006-2012,2006,2012,8,0
chr_poor_mental_health_days,2015,2015-12-31,2006-2012,2006,2012,9,0
chr_poor_mental_health_days,2016,2016-12-31,2014,2014,2014,2,0
chr_poor_mental_health_days,2017,2017-12-31,2015,2015,2015,2,0
chr_poor_mental_health_days,2018,2018-12-31,2016,2016,2016,2,0
chr_poor_mental_health_days,2019,2019-12-31,2016,2016,2016,3,0
chr_poor_mental_health_days,2020,2020-12-31,2017,2017,2017,3,0
chr_poor_mental_health_days,2021,2021-12-31,2018,2018,2018,3,0
chr_poor_mental_health_days,2022,2022-12-31,2019,2019,2019,3,0
chr_poor_mental_health_days,2023,2023-12-31,2020,2020,2020,3,0
chr_poor_mental_health_days,2024,2024-12-31,2021,2021,2021,3,0
chr_poor_mental_health_days,2025,2025-12-31,2022,2022,2022,3,0
chr_poor_or_fair_health,2010,2010-12-31,2002-2008,2002,2008,8,1
chr_poor_or_fair_health,2011,2011-12-31,2003-2009,2003,2009,8,1
chr_poor_or_fair_health,2012,2012-12-31,2004-2010,2004,2010,8,1
chr_poor_or_fair_health,2013,2013-12-31,2005-2011,2005,2011,8,1
chr_poor_or_fair_health,2014,2014-12-31,2006-2012,2006,2012,8,1
chr_poor_or_fair_health,2015,2015-12-31,2006-2012,2006,2012,9,1
chr_poor_or_fair_health,2016,2016-12-31,2014,2014,2014,2,1
chr_poor_or_fair_health,2017,2017-12-31,2015,2015,2015,2,1
chr_poor_or_fair_health,2018,2018-12-31,2016,2016,2016,2,1
chr_poor_or_fair_health,2019,2019-12-31,2016,2016,2016,3,1
chr_poor_or_fair_health,2020,2020-12-31,2017,2017,2017,3,1
chr_poor_or_fair_health,2021,2021-12-31,2018,2018,2018,3,1
chr_poor_or_fair_health,2022,2022-12-31,2019,2019,2019,3,1
chr_poor_or_fair_health,2023,2023-12-31,2020,2020,2020,3,1
chr_poor_or_fair_health,2024,2024-12-31,2021,2021,2021,3,1
chr_poor_or_fair_health,2025,2025-12-31,2022,2022,2022,3,1
chr_poor_physical_health_days,2010,2010-12-31,2002-2008,2002,2008,8,0
chr_poor_physical_health_days,2011,2011-12-31,2003-2009,2003,2009,8,0
chr_poor_physical_health_days,2012,2012-12-31,2004-2010,2004,2010,8,0
chr_poor_physical_health_days,2013,2013-12-31,2005-2011,2005,2011,8,0
chr_poor_physical_health_days,2014,2014-12-31,2006-2012,2006,2012,8,0
chr_poor_physical_health_days,2015,2015-12-31,2006-2012,2006,2012,9,0
chr_poor_physical_health_days,2016,2016-12-31,2014,2014,2014,2,0
chr_poor_physical_health_days,2017,2017-12-31,2015,2015,2015,2,0
chr_poor_physical_health_days,2018,2018-12-31,2016,2016,2016,2,0
chr_poor_physical_health_days,2019,2019-12-31,2016,2016,2016,3,0
chr_poor_physical_health_days,2020,2020-12-31,2017,2017,2017,3,0
chr_poor_physical_health_days,2021,2021-12-31,2018,2018,2018,3,0
chr_poor_physical_health_days,2022,2022-12-31,2019,2019,2019,3,0
chr_poor_physical_health_days,2023,2023-12-31,2020,2020,2020,3,0
chr_poor_physical_health_days,2024,2024-12-31,2021,2021,2021,3,0
chr_poor_physical_health_days,2025,2025-12-31,2022,2022,2022,3,0
chr_population,2011,2011-12-31,2009,2009,2009,2,0
chr_population,2012,2012-12-31,2009,2009,2009,3,0
chr_population,2013,2013-12-31,2011,2011,2011,2,0
chr_population,2014,2014-12-31,2012,2012,2012,2,0
chr_population,2015,2015-12-31,2013,2013,2013,2,0
chr_population,2016,2016-12-31,2014,2014,2014,2,0
chr_population,2017,2017-12-31,2015,2015,2015,2,0
chr_population,2018,2018-12-31,2016,2016,2016,2,0
chr_population,2019,2019-12-31,2017,2017,2017,2,0
chr_population,2020,2020-12-31,2018,2018,2018,2,0
chr_population,2021,2021-12-31,2019,2019,2019,2,0
chr_population,2022,2022-12-31,2020,2020,2020,2,0
chr_population,2023,2023-12-31,2021,2021,2021,2,0
chr_population,2024,2024-12-31,2022,2022,2022,2,0
chr_population,2025,2025-12-31,2023,2023,2023,2,0
chr_population_growth,2013,2013-12-31,2000 - 2010,2000,2010,13,1
chr_population_growth,2014,2014-12-31,2000 - 2010,2000,2010,14,1
chr_population_growth,2015,2015-12-31,2012,2012,2012,3,1
chr_population_growth,2016,2016-12-31,2015,2015,2015,1,1
chr_population_growth,2017,2017-12-31,2016,2016,2016,1,1
chr_population_growth,2018,2018-12-31,2016,2016,2016,2,1
chr_population_growth,2019,2019-12-31,"2017, 2010",2010,2017,9,1
chr_population_growth,2020,2020-12-31,"2018, 2010",2010,2018,10,1
chr_poverty,2013,2013-12-31,2011,2011,2011,2,1
chr_poverty,2014,2014-12-31,2012,2012,2012,2,1
chr_poverty,2015,2015-12-31,2013,2013,2013,2,1
chr_poverty,2016,2016-12-31,2014,2014,2014,2,1
chr_poverty,2017,2017-12-31,2015,2015,2015,2,1
chr_poverty,2018,2018-12-31,2016,2016,2016,2,1
chr_poverty,2019,2019-12-31,2018,2018,2018,1,1
chr_poverty,2020,2020-12-31,2018,2018,2018,2,1
chr_premature_age_adjusted_mortality,2013,2013-12-31,2008-2010,2008,2010,5,0
chr_premature_age_adjusted_mortality,2014,2014-12-31,2008-2010,2008,2010,6,0
chr_premature_age_adjusted_mortality,2015,2015-12-31,2010-2012,2010,2012,5,0
chr_premature_age_adjusted_mortality,2016,2016-12-31,2011-2013,2011,2013,5,0
chr_premature_age_adjusted_mortality,2017,2017-12-31,2013-2015,2013,2015,4,0
chr_premature_age_adjusted_mortality,2018,2018-12-31,2014-2016,2014,2016,4,0
chr_premature_age_adjusted_mortality,2019,2019-12-31,2015-2017,2015,2017,4,0
chr_premature_age_adjusted_mortality,2020,2020-12-31,2016-2018,2016,2018,4,0
chr_premature_age_adjusted_mortality,2021,2021-12-31,2017-2019,2017,2019,4,0
chr_premature_age_adjusted_mortality,2022,2022-12-31,2018-2020,2018,2020,4,0
chr_premature_age_adjusted_mortality,2023,2023-12-31,2018-2020,2018,2020,5,0
chr_premature_age_adjusted_mortality,2024,2024-12-31,2019-2021,2019,2021,5,0
chr_premature_age_adjusted_mortality,2025,2025-12-31,2020-2022,2020,2022,5,0
chr_premature_death,2010,2010-12-31,2004-2006,2004,2006,6,0
chr_premature_death,2011,2011-12-31,2005-2007,2005,2007,6,0
chr_premature_death,2012,2012-12-31,2006-2008,2006,2008,6,0
chr_premature_death,2013,2013-12-31,2008-2010,2008,2010,5,0
chr_premature_death,2014,2014-12-31,2008-2010,2008,2010,6,0
chr_premature_death,2015,2015-12-31,2010-2012,2010,2012,5,0
chr_premature_death,2016,2016-12-31,2011-2013,2011,2013,5,0
chr_premature_death,2017,2017-12-31,2012-2014,2012,2014,5,0
chr_premature_death,2018,2018-12-31,2013-2015,2013,2015,5,0
chr_premature_death,2019,2019-12-31,2015-2017,2015,2017,4,0
chr_premature_death,2020,2020-12-31,2016-2018,2016,2018,4,0
chr_premature_death,2021,2021-12-31,2017-2019,2017,2019,4,0
chr_premature_death,2022,2022-12-31,2018-2020,2018,2020,4,0
chr_premature_death,2023,2023-12-31,2018-2020,2018,2020,5,0
chr_premature_death,2024,2024-12-31,2019-2021,2019,2021,5,0
chr_premature_death,2025,2025-12-31,2020-2022,2020,2022,5,0
chr_preventable_hospital_stays,2010,2010-12-31,2005-2006,2005,2006,5,0
chr_preventable_hospital_stays,2011,2011-12-31,2006-2007,2006,2007,5,0
chr_preventable_hospital_stays,2012,2012-12-31,2009,2009,2009,3,0
chr_preventable_hospital_stays,2013,2013-12-31,2010,2010,2010,3,0
chr_preventable_hospital_stays,2014,2014-12-31,2011,2011,2011,3,0
chr_preventable_hospital_stays,2015,2015-12-31,2012,2012,2012,3,0
chr_preventable_hospital_stays,2016,2016-12-31,2013,2013,2013,3,0
chr_preventable_hospital_stays,2017,2017-12-31,2014,2014,2014,3,0
chr_preventable_hospital_stays,2018,2018-12-31,2015,2015,2015,3,0
chr_preventable_hospital_stays,2019,2019-12-31,2016,2016,2016,3,0
chr_preventable_hospital_stays,2020,2020-12-31,2017,2017,2017,3,0
chr_preventable_hospital_stays,2021,2021-12-31,2018,2018,2018,3,0
chr_preventable_hospital_stays,2022,2022-12-31,2019,2019,2019,3,0
chr_preventable_hospital_stays,2023,2023-12-31,2020,2020,2020,3,0
chr_preventable_hospital_stays,2024,2024-12-31,2021,2021,2021,3,0
chr_preventable_hospital_stays,2025,2025-12-31,2022,2022,2022,3,0
chr_primary_care_physicians,2010,2010-12-31,2006,2006,2006,4,0
chr_primary_care_physicians,2011,2011-12-31,2008,2008,2008,3,3
chr_primary_care_physicians,2012,2012-12-31,2008,2008,2008,4,3
chr_primary_care_physicians,2013,2013-12-31,2010,2010,2010,3,3
chr_primary_care_physicians,2014,2014-12-31,2011,2011,2011,3,3
chr_primary_care_physicians,2015,2015-12-31,2012,2012,2012,3,3
chr_primary_care_physicians,2016,2016-12-31,2013,2013,2013,3,3
chr_primary_care_physicians,2017,2017-12-31,2014,2014,2014,3,3
chr_primary_care_physicians,2018,2018-12-31,2015,2015,2015,3,3
chr_primary_care_physicians,2019,2019-12-31,2016,2016,2016,3,3
chr_primary_care_physicians,2020,2020-12-31,2017,2017,2017,3,3
chr_primary_care_physicians,2021,2021-12-31,2018,2018,2018,3,3
chr_primary_care_physicians,2022,2022-12-31,2019,2019,2019,3,3
chr_primary_care_physicians,2023,2023-12-31,2020,2020,2020,3,3
chr_primary_care_physicians,2024,2024-12-31,2021,2021,2021,3,3
chr_primary_care_physicians,2025,2025-12-31,2021,2021,2021,4,3
chr_reading_proficiency,2013,2013-12-31,2012,2012,2012,1,1
chr_reading_proficiency,2014,2014-12-31,2012-2013 a,2012,2013,2,1
chr_reading_proficiency,2015,2015-12-31,2014,2014,2014,1,1
chr_reading_proficiency,2016,2016-12-31,2014,2014,2014,2,1
chr_reading_proficiency,2017,2017-12-31,2014-2015,2014,2015,3,1
chr_reading_proficiency,2018,2018-12-31,2014-2015,2014,2015,4,1
chr_reading_proficiency,2019,2019-12-31,2016-2017,2016,2017,3,1
chr_reading_proficiency,2020,2020-12-31,2017-2018,2017,2018,3,1
chr_reading_scores,2020,2020-12-31,2016,2016,2016,4,0
chr_reading_scores,2021,2021-12-31,2018,2018,2018,3,0
chr_reading_scores,2022,2022-12-31,2018,2018,2018,4,0
chr_reading_scores,2023,2023-12-31,2018,2018,2018,5,0
chr_reading_scores,2024,2024-12-31,2018,2018,2018,6,0
chr_reading_scores,2025,2025-12-31,2019,2019,2019,6,0
chr_redlining,2023,2023-12-31,2022,2022,2022,1,5
chr_residential_segregation_black_white,2016,2016-12-31,2010-2014,2010,2014,6,0
chr_residential_segregation_black_white,2017,2017-12-31,2011-2015,2011,2015,6,0
chr_residential_segregation_black_white,2018,2018-12-31,2012-2016,2012,2016,6,0
chr_residential_segregation_black_white,2019,2019-12-31,2013-2017,2013,2017,6,0
chr_residential_segregation_black_white,2020,2020-12-31,2014-2018,2014,2018,6,0
chr_residential_segregation_black_white,2021,2021-12-31,2015-2019,2015,2019,6,0
chr_residential_segregation_black_white,2022,2022-12-31,2016-2020,2016,2020,6,0
chr_residential_segregation_black_white,2023,2023-12-31,2017-2021,2017,2021,6,0
chr_residential_segregation_black_white,2024,2024-12-31,2018-2022,2018,2022,6,0
chr_residential_segregation_black_white,2025,2025-12-31,2019-2023,2019,2023,6,0
chr_residential_segregation_non_white_white,2016,2016-12-31,2010-2014,2010,2014,6,0
chr_residential_segregation_non_white_white,2017,2017-12-31,2011-2015,2011,2015,6,0
chr_residential_segregation_non_white_white,2018,2018-12-31,2012-2016,2012,2016,6,0
chr_residential_segregation_non_white_white,2019,2019-12-31,2013-2017,2013,2017,6,0
chr_residential_segregation_non_white_white,2020,2020-12-31,2014-2018,2014,2018,6,0
chr_residential_segregation_non_white_white,2021,2021-12-31,2015-2019,2015,2019,6,0
chr_residential_segregation_non_white_white,2022,2022-12-31,2016-2020,2016,2020,6,0
chr_rural,2011,2011-12-31,2000,2000,2000,11,1
chr_rural,2012,2012-12-31,2000,2000,2000,12,1
chr_rural,2013,2013-12-31,2010,2010,2010,3,1
chr_rural,2014,2014-12-31,2010,2010,2010,4,1
chr_rural,2015,2015-12-31,2010,2010,2010,5,1
chr_rural,2017,2017-12-31,2010,2010,2010,7,1
chr_rural,2018,2018-12-31,2010,2010,2010,8,1
chr_rural,2019,2019-12-31,2010,2010,2010,9,1
chr_rural,2020,2020-12-31,2010,2010,2010,10,1
chr_rural,2021,2021-12-31,2010,2010,2010,11,1
chr_rural,2022,2022-12-31,2010,2010,2010,12,1
chr_rural,2023,2023-12-31,2010,2010,2010,13,1
chr_rural,2024,2024-12-31,2020,2020,2020,4,1
chr_rural,2025,2025-12-31,2020,2020,2020,5,1
chr_school_funding_adequacy,2022,2022-12-31,2019,2019,2019,3,2
chr_school_funding_adequacy,2023,2023-12-31,2020,2020,2020,3,2
chr_school_funding_adequacy,2024,2024-12-31,2021,2021,2021,3,2
chr_school_funding_adequacy,2025,2025-12-31,2022,2022,2022,3,2
chr_school_segregation,2022,2022-12-31,2020-2021,2020,2021,2,0
chr_school_segregation,2023,2023-12-31,2021-2022,2021,2022,2,0
chr_school_segregation,2024,2024-12-31,2022-2023,2022,2023,2,0
chr_school_segregation,2025,2025-12-31,2023-2024,2023,2024,2,0
chr_self_inflicted_injury_hospitalizations,2013,2013-12-31,2008-2010,2008,2010,5,0
chr_self_inflicted_injury_hospitalizations,2014,2014-12-31,2010-2012,2010,2012,4,0
chr_self_inflicted_injury_hospitalizations,2015,2015-12-31,2010-2012,2010,2012,5,0
chr_self_inflicted_injury_hospitalizations,2016,2016-12-31,2011-2013,2011,2013,5,0
chr_self_inflicted_injury_hospitalizations,2017,2017-12-31,2012-2014,2012,2014,5,0
chr_self_inflicted_injury_hospitalizations,2018,2018-12-31,2012-2014,2012,2014,6,0
chr_self_inflicted_injury_hospitalizations,2019,2019-12-31,2016-2017,2016,2017,3,0
chr_self_inflicted_injury_hospitalizations,2020,2020-12-31,2016-2018,2016,2018,4,0
chr_severe_housing_cost_burden,2019,2019-12-31,2013-2017,2013,2017,6,1
chr_severe_housing_cost_burden,2020,2020-12-31,2014-2018,2014,2018,6,1
chr_severe_housing_cost_burden,2021,2021-12-31,2015-2019,2015,2019,6,1
chr_severe_housing_cost_burden,2022,2022-12-31,2016-2020,2016,2020,6,1
chr_severe_housing_cost_burden,2023,2023-12-31,2017-2021,2017,2021,6,1
chr_severe_housing_cost_burden,2024,2024-12-31,2018-2022,2018,2022,6,1
chr_severe_housing_cost_burden,2025,2025-12-31,2019-2023,2019,2023,6,1
chr_severe_housing_problems,2014,2014-12-31,2006-2010,2006,2010,8,1
chr_severe_housing_problems,2015,2015-12-31,2007-2011,2007,2011,8,1
chr_severe_housing_problems,2016,2016-12-31,2008-2012,2008,2012,8,1
chr_severe_housing_problems,2017,2017-12-31,2009-2013,2009,2013,8,1
chr_severe_housing_problems,2018,2018-12-31,2010-2014,2010,2014,8,1
chr_severe_housing_problems,2019,2019-12-31,2011-2015,2011,2015,8,1
chr_severe_housing_problems,2020,2020-12-31,2012-2016,2012,2016,8,1
chr_severe_housing_problems,2021,2021-12-31,2013-2017,2013,2017,8,1
chr_severe_housing_problems,2022,2022-12-31,2014-2018,2014,2018,8,1
chr_severe_housing_problems,2023,2023-12-31,2015-2019,2015,2019,8,1
chr_severe_housing_problems,2024,2024-12-31,2016-2020,2016,2020,8,1
chr_severe_housing_problems,2025,2025-12-31,2017-2021,2017,2021,8,1
chr_sexually_transmitted_infections,2010,2010-12-31,2007,2007,2007,3,0
chr_sexually_transmitted_infections,2011,2011-12-31,2008,2008,2008,3,0
chr_sexually_transmitted_infections,2012,2012-12-31,2009,2009,2009,3,0
chr_sexually_transmitted_infections,2013,2013-12-31,2010,2010,2010,3,0
chr_sexually_transmitted_infections,2014,2014-12-31,2011,2011,2011,3,0
chr_sexually_transmitted_infections,2015,2015-12-31,2012,2012,2012,3,0
chr_sexually_transmitted_infections,2016,2016-12-31,2013,2013,2013,3,0
chr_sexually_transmitted_infections,2017,2017-12-31,2014,2014,2014,3,0
chr_sexually_transmitted_infections,2018,2018-12-31,2015,2015,2015,3,0
chr_sexually_transmitted_infections,2019,2019-12-31,2016,2016,2016,3,0
chr_sexually_transmitted_infections,2020,2020-12-31,2017,2017,2017,3,0
chr_sexually_transmitted_infections,2021,2021-12-31,2018,2018,2018,3,0
chr_sexually_transmitted_infections,2022,2022-12-31,2019,2019,2019,3,0
chr_sexually_transmitted_infections,2023,2023-12-31,2020,2020,2020,3,0
chr_sexually_transmitted_infections,2024,2024-12-31,2021,2021,2021,3,0
chr_sexually_transmitted_infections,2025,2025-12-31,2022,2022,2022,3,0
chr_smoking_during_pregnancy,2010,2010-12-31,2004-2007,2004,2007,6,1
chr_smoking_during_pregnancy,2011,2011-12-31,2005-2008,2005,2008,6,1
chr_smoking_during_pregnancy,2012,2012-12-31,2007-2009,2007,2009,5,1
chr_smoking_during_pregnancy,2013,2013-12-31,2007-2010,2007,2010,6,1
chr_smoking_during_pregnancy,2014,2014-12-31,2007-2010,2007,2010,7,1
chr_smoking_during_pregnancy,2015,2015-12-31,2010-2013,2010,2013,5,1
chr_smoking_during_pregnancy,2016,2016-12-31,2011-2014,2011,2014,5,1
chr_smoking_during_pregnancy,2017,2017-12-31,2012-2015,2012,2015,5,1
chr_smoking_during_pregnancy,2018,2018-12-31,2013 - 2016,2013,2016,5,1
chr_smoking_during_pregnancy,2019,2019-12-31,2014 - 2017,2014,2017,5,1
chr_smoking_during_pregnancy,2020,2020-12-31,2015-2018,2015,2018,5,1
chr_social_associations,2015,2015-12-31,2012,2012,2012,3,0
chr_social_associations,2016,2016-12-31,2013,2013,2013,3,0
chr_social_associations,2017,2017-12-31,2014,2014,2014,3,0
chr_social_associations,2018,2018-12-31,2015,2015,2015,3,0
chr_social_associations,2019,2019-12-31,2016,2016,2016,3,0
chr_social_associations,2020,2020-12-31,2017,2017,2017,3,0
chr_social_associations,2021,2021-12-31,2018,2018,2018,3,0
chr_social_associations,2022,2022-12-31,2019,2019,2019,3,0
chr_social_associations,2023,2023-12-31,2020,2020,2020,3,0
chr_social_associations,2024,2024-12-31,2021,2021,2021,3,0
chr_social_associations,2025,2025-12-31,2022,2022,2022,3,0
chr_some_college,2011,2011-12-31,2005-2009,2005,2009,6,1
chr_some_college,2012,2012-12-31,2006-2010,2006,2010,6,1
chr_some_college,2013,2013-12-31,2007-2011,2007,2011,6,1
chr_some_college,2014,2014-12-31,2008-2012,2008,2012,6,1
chr_some_college,2015,2015-12-31,2009-2013,2009,2013,6,1
chr_some_college,2016,2016-12-31,2010-2014,2010,2014,6,1
chr_some_college,2017,2017-12-31,2011-2015,2011,2015,6,1
chr_some_college,2018,2018-12-31,2012-2016,2012,2016,6,1
chr_some_college,2019,2019-12-31,2013-2017,2013,2017,6,1
chr_some_college,2020,2020-12-31,2014-2018,2014,2018,6,1
chr_some_college,2021,2021-12-31,2015-2019,2015,2019,6,1
chr_some_college,2022,2022-12-31,2016-2020,2016,2020,6,1
chr_some_college,2023,2023-12-31,2017-2021,2017,2021,6,1
chr_some_college,2024,2024-12-31,2018-2022,2018,2022,6,1
chr_some_college,2025,2025-12-31,2019-2023,2019,2023,6,1
chr_state_capitols,2023,2023-12-31,2022,2022,2022,1,5
chr_suicides,2020,2020-12-31,2014-2018,2014,2018,6,0
chr_suicides,2021,2021-12-31,2015-2019,2015,2019,6,0
chr_suicides,2022,2022-12-31,2016-2020,2016,2020,6,0
chr_suicides,2023,2023-12-31,2016-2020,2016,2020,7,0
chr_suicides,2024,2024-12-31,2017-2021,2017,2021,7,0
chr_suicides,2025,2025-12-31,2018-2022,2018,2022,7,0
chr_teen_births,2010,2010-12-31,2000-2006,2000,2006,10,0
chr_teen_births,2011,2011-12-31,2001-2007,2001,2007,10,0
chr_teen_births,2012,2012-12-31,2002-2008,2002,2008,10,0
chr_teen_births,2013,2013-12-31,2004-2010,2004,2010,9,0
chr_teen_births,2014,2014-12-31,2005-2011,2005,2011,9,0
chr_teen_births,2015,2015-12-31,2006-2012,2006,2012,9,0
chr_teen_births,2016,2016-12-31,2007-2013,2007,2013,9,0
chr_teen_births,2017,2017-12-31,2008-2014,2008,2014,9,0
chr_teen_births,2018,2018-12-31,2010-2016,2010,2016,8,0
chr_teen_births,2019,2019-12-31,2011-2017,2011,2017,8,0
chr_teen_births,2020,2020-12-31,2012-2018,2012,2018,8,0
chr_teen_births,2021,2021-12-31,2013-2019,2013,2019,8,0
chr_teen_births,2022,2022-12-31,2014-2020,2014,2020,8,0
chr_teen_births,2023,2023-12-31,2014-2020,2014,2020,9,0
chr_teen_births,2024,2024-12-31,2016-2022,2016,2022,8,0
chr_teen_births,2025,2025-12-31,2017-2023,2017,2023,8,0
chr_total_female_population,2013,2013-12-31,2011,2011,2011,2,0
chr_total_female_population,2014,2014-12-31,2012,2012,2012,2,0
chr_total_female_population,2015,2015-12-31,2013,2013,2013,2,0
chr_total_female_population,2016,2016-12-31,2014,2014,2014,2,0
chr_total_female_population,2017,2017-12-31,2015,2015,2015,2,0
chr_total_female_population,2018,2018-12-31,2016,2016,2016,2,0
chr_total_female_population,2019,2019-12-31,2017,2017,2017,2,0
chr_total_female_population,2020,2020-12-31,2018,2018,2018,2,0
chr_total_male_population,2013,2013-12-31,2011,2011,2011,2,0
chr_total_male_population,2014,2014-12-31,2012,2012,2012,2,0
chr_total_male_population,2015,2015-12-31,2013,2013,2013,2,0
chr_total_male_population,2016,2016-12-31,2014,2014,2014,2,0
chr_total_male_population,2017,2017-12-31,2015,2015,2015,2,0
chr_total_male_population,2018,2018-12-31,2016,2016,2016,2,0
chr_total_male_population,2019,2019-12-31,2017,2017,2017,2,0
chr_total_male_population,2020,2020-12-31,2018,2018,2018,2,0
chr_traffic_volume,2020,2020-12-31,2018,2018,2018,2,0
chr_traffic_volume,2021,2021-12-31,2019,2019,2019,2,0
chr_traffic_volume,2022,2022-12-31,2019,2019,2019,3,0
chr_traffic_volume,2023,2023-12-31,2019,2019,2019,4,0
chr_traffic_volume,2024,2024-12-31,2023,2023,2023,1,0
chr_traffic_volume,2025,2025-12-31,2020,2020,2020,5,0
chr_unemployment,2010,2010-12-31,2008,2008,2008,2,1
chr_unemployment,2011,2011-12-31,2009,2009,2009,2,1
chr_unemployment,2012,2012-12-31,2010,2010,2010,2,1
chr_unemployment,2013,2013-12-31,2011,2011,2011,2,1
chr_unemployment,2014,2014-12-31,2012,2012,2012,2,1
chr_unemployment,2015,2015-12-31,2013,2013,2013,2,1
chr_unemployment,2016,2016-12-31,2014,2014,2014,2,1
chr_unemployment,2017,2017-12-31,2015,2015,2015,2,1
chr_unemployment,2018,2018-12-31,2016,2016,2016,2,1
chr_unemployment,2019,2019-12-31,2017,2017,2017,2,1
chr_unemployment,2020,2020-12-31,2018,2018,2018,2,1
chr_unemployment,2021,2021-12-31,2019,2019,2019,2,1
chr_unemployment,2022,2022-12-31,2020,2020,2020,2,1
chr_unemployment,2023,2023-12-31,2021,2021,2021,2,1
chr_unemployment,2024,2024-12-31,2022,2022,2022,2,1
chr_unemployment,2025,2025-12-31,2023,2023,2023,2,1
chr_uninsured,2012,2012-12-31,2009,2009,2009,3,1
chr_uninsured,2013,2013-12-31,2010,2010,2010,3,1
chr_uninsured,2014,2014-12-31,2011,2011,2011,3,1
chr_uninsured,2015,2015-12-31,2012,2012,2012,3,1
chr_uninsured,2016,2016-12-31,2013,2013,2013,3,1
chr_uninsured,2017,2017-12-31,2014,2014,2014,3,1
chr_uninsured,2018,2018-12-31,2015,2015,2015,3,1
chr_uninsured,2019,2019-12-31,2016,2016,2016,3,1
chr_uninsured,2020,2020-12-31,2017,2017,2017,3,1
chr_uninsured,2021,2021-12-31,2018,2018,2018,3,1
chr_uninsured,2022,2022-12-31,2019,2019,2019,3,1
chr_uninsured,2023,2023-12-31,2020,2020,2020,3,1
chr_uninsured,2024,2024-12-31,2021,2021,2021,3,1
chr_uninsured,2025,2025-12-31,2022,2022,2022,3,1
chr_uninsured_adults,2010,2010-12-31,2005,2005,2005,5,1
chr_uninsured_adults,2011,2011-12-31,2007,2007,2007,4,1
chr_uninsured_adults,2012,2012-12-31,2009,2009,2009,3,1
chr_uninsured_adults,2013,2013-12-31,2010,2010,2010,3,1
chr_uninsured_adults,2014,2014-12-31,2011,2011,2011,3,1
chr_uninsured_adults,2015,2015-12-31,2012,2012,2012,3,1
chr_uninsured_adults,2016,2016-12-31,2013,2013,2013,3,1
chr_uninsured_adults,2017,2017-12-31,2014,2014,2014,3,1
chr_uninsured_adults,2018,2018-12-31,2015,2015,2015,3,1
chr_uninsured_adults,2019,2019-12-31,2016,2016,2016,3,1
chr_uninsured_adults,2020,2020-12-31,2017,2017,2017,3,1
chr_uninsured_adults,2021,2021-12-31,2018,2018,2018,3,1
chr_uninsured_adults,2022,2022-12-31,2019,2019,2019,3,1
chr_uninsured_adults,2023,2023-12-31,2020,2020,2020,3,1
chr_uninsured_adults,2024,2024-12-31,2021,2021,2021,3,1
chr_uninsured_adults,2025,2025-12-31,2022,2022,2022,3,1
chr_uninsured_children,2013,2013-12-31,2010,2010,2010,3,1
chr_uninsured_children,2014,2014-12-31,2011,2011,2011,3,1
chr_uninsured_children,2015,2015-12-31,2012,2012,2012,3,1
chr_uninsured_children,2016,2016-12-31,2013,2013,2013,3,1
chr_uninsured_children,2017,2017-12-31,2014,2014,2014,3,1
chr_uninsured_children,2018,2018-12-31,2015,2015,2015,3,1
chr_uninsured_children,2019,2019-12-31,2016,2016,2016,3,1
chr_uninsured_children,2020,2020-12-31,2017,2017,2017,3,1
chr_uninsured_children,2021,2021-12-31,2018,2018,2018,3,1
chr_uninsured_children,2022,2022-12-31,2019,2019,2019,3,1
chr_uninsured_children,2023,2023-12-31,2020,2020,2020,3,1
chr_uninsured_children,2024,2024-12-31,2021,2021,2021,3,1
chr_uninsured_children,2025,2025-12-31,2022,2022,2022,3,1
chr_violent_crime,2010,2010-12-31,2005-2007,2005,2007,5,0
chr_violent_crime,2011,2011-12-31,2006-2008,2006,2008,5,0
chr_violent_crime,2012,2012-12-31,2007-2009,2007,2009,5,0
chr_violent_crime,2013,2013-12-31,2008-2010,2008,2010,5,0
chr_violent_crime,2014,2014-12-31,2009-2011,2009,2011,5,0
chr_violent_crime,2015,2015-12-31,2010-2012,2010,2012,5,0
chr_violent_crime,2016,2016-12-31,2010-2012,2010,2012,6,0
chr_violent_crime,2017,2017-12-31,2012-2014,2012,2014,5,0
chr_violent_crime,2018,2018-12-31,2012-2014,2012,2014,6,0
chr_violent_crime,2019,2019-12-31,2014&2016,2014,2016,5,0
chr_violent_crime,2020,2020-12-31,2014&2016,2014,2016,6,0
chr_violent_crime,2021,2021-12-31,2014 & 2016,2014,2016,7,0
chr_violent_crime,2022,2022-12-31,2014 & 2016,2014,2016,8,0
chr_voter_turnout,2023,2023-12-31,2020 & 2016,2016,2020,7,1
chr_voter_turnout,2024,2024-12-31,2020 & 2016,2016,2020,8,1
chr_voter_turnout,2025,2025-12-31,2020 & 2016,2016,2020,9,1
chr_w_2_enrollment,2013,2013-12-31,2012,2012,2012,1,0
chr_w_2_enrollment,2014,2014-12-31,Dec 2012,2012,2012,2,0
chr_w_2_enrollment,2016,2016-12-31,Dec 2014,2014,2014,2,0
chr_w_2_enrollment,2017,2017-12-31,Dec 2015,2015,2015,2,0
chr_w_2_enrollment,2018,2018-12-31,Dec 2016,2016,2016,2,0
chr_w_2_enrollment,2019,2019-12-31,Dec 2017,2017,2017,2,0
chr_w_2_enrollment,2020,2020-12-31,2018,2018,2018,2,0
chr_year_structure_built,2013,2013-12-31,2007-2011,2007,2011,6,1
chr_year_structure_built,2014,2014-12-31,2008-2012,2008,2012,6,1
chr_year_structure_built,2015,2015-12-31,2009-2013,2009,2013,6,1
chr_year_structure_built,2016,2016-12-31,2010-2014,2010,2014,6,1
chr_year_structure_built,2017,2017-12-31,2011-2015,2011,2015,6,1
chr_year_structure_built,2018,2018-12-31,2012-2016,2012,2016,6,1
chr_year_structure_built,2019,2019-12-31,2013-2017,2013,2017,6,1
chr_year_structure_built,2020,2020-12-31,2014-2018,2014,2018,6,1
