geography	time	measure	value
02013	2010-12-31	chr_access_to_healthy_foods	0.6
02013	2010-12-31	chr_adult_obesity	0.282
02013	2010-12-31	chr_children_in_poverty	0.14
02013	2010-12-31	chr_college_degrees	0.0488290981564524
02013	2010-12-31	chr_high_school_graduation	0.75
02013	2010-12-31	chr_homicides	0
02013	2010-12-31	chr_income_inequality	41.9
02013	2010-12-31	chr_liquor_store_density	0
02013	2010-12-31	chr_motor_vehicle_crash_deaths	0
02013	2010-12-31	chr_poor_mental_health_days	4.89
02013	2010-12-31	chr_poor_or_fair_health	0.1748
02013	2010-12-31	chr_poor_physical_health_days	3.35
02013	2010-12-31	chr_primary_care_physicians	37.921880925
02013	2010-12-31	chr_sexually_transmitted_infections	868.9
02013	2010-12-31	chr_single_parent_households	0.155893536121673
02013	2010-12-31	chr_unemployment	0.088
02013	2010-12-31	chr_uninsured_adults	0.382
02013	2011-12-31	chr_65_and_older	0.033
02013	2011-12-31	chr_access_to_recreational_facilities	0
02013	2011-12-31	chr_adult_obesity	0.284
02013	2011-12-31	chr_american_indian_or_alaska_native	0.274
02013	2011-12-31	chr_asian	0.353
02013	2011-12-31	chr_below_18_years_of_age	0.12
02013	2011-12-31	chr_children_eligible_for_free_or_reduced_price_lunch	0.342
02013	2011-12-31	chr_children_in_poverty	0.12
02013	2011-12-31	chr_children_in_single_parent_households	0.423
02013	2011-12-31	chr_diabetes_prevalence	0.055
02013	2011-12-31	chr_driving_alone_to_work	0.095
02013	2011-12-31	chr_female	0.336
02013	2011-12-31	chr_high_housing_costs	0.158
02013	2011-12-31	chr_high_school_graduation	0.75
02013	2011-12-31	chr_hispanic	0.151
02013	2011-12-31	chr_homicides	0
02013	2011-12-31	chr_illiteracy	0.274
02013	2011-12-31	chr_liquor_store_density	37
02013	2011-12-31	chr_median_household_income	52786
02013	2011-12-31	chr_mental_health_providers	0
02013	2011-12-31	chr_motor_vehicle_crash_deaths	0
02013	2011-12-31	chr_native_hawaiian_or_other_pacific_islander	0.003
02013	2011-12-31	chr_non_hispanic_black	0.019
02013	2011-12-31	chr_not_proficient_in_english	0.61
02013	2011-12-31	chr_physical_inactivity	0.244
02013	2011-12-31	chr_poor_mental_health_days	4.7
02013	2011-12-31	chr_poor_or_fair_health	0.202
02013	2011-12-31	chr_poor_physical_health_days	3.4
02013	2011-12-31	chr_population	2744
02013	2011-12-31	chr_premature_death	11800.3
02013	2011-12-31	chr_primary_care_physicians	0
02013	2011-12-31	chr_rural	1
02013	2011-12-31	chr_sexually_transmitted_infections	676.2
02013	2011-12-31	chr_some_college	0.406
02013	2011-12-31	chr_unemployment	0.09
02013	2011-12-31	chr_uninsured_adults	0.371
02013	2012-12-31	chr_65_and_older	0.033
02013	2012-12-31	chr_access_to_recreational_facilities	0
02013	2012-12-31	chr_adult_obesity	0.314
02013	2012-12-31	chr_american_indian_or_alaska_native	0.274
02013	2012-12-31	chr_asian	0.353
02013	2012-12-31	chr_below_18_years_of_age	0.12
02013	2012-12-31	chr_children_eligible_for_free_or_reduced_price_lunch	0.342
02013	2012-12-31	chr_children_in_poverty	0.164
02013	2012-12-31	chr_children_in_single_parent_households	0.468646864686469
02013	2012-12-31	chr_could_not_see_doctor_due_to_cost	0.149
02013	2012-12-31	chr_dentists	0
02013	2012-12-31	chr_diabetes_prevalence	0.059
02013	2012-12-31	chr_driving_alone_to_work	0.0447761194029851
02013	2012-12-31	chr_fast_food_restaurants	1
02013	2012-12-31	chr_female	0.336
02013	2012-12-31	chr_high_housing_costs	0.157303370786517
02013	2012-12-31	chr_high_school_graduation	0.658
02013	2012-12-31	chr_hispanic	0.151
02013	2012-12-31	chr_illiteracy	0.274
02013	2012-12-31	chr_median_household_income	47077
02013	2012-12-31	chr_mental_health_providers	0
02013	2012-12-31	chr_motor_vehicle_crash_deaths	0
02013	2012-12-31	chr_native_hawaiian_or_other_pacific_islander	0.003
02013	2012-12-31	chr_non_hispanic_black	0.019
02013	2012-12-31	chr_not_proficient_in_english	0.689245230854299
02013	2012-12-31	chr_physical_inactivity	0.288
02013	2012-12-31	chr_poor_mental_health_days	4
02013	2012-12-31	chr_poor_or_fair_health	0.157
02013	2012-12-31	chr_poor_physical_health_days	3.1
02013	2012-12-31	chr_population	2744
02013	2012-12-31	chr_rural	1
02013	2012-12-31	chr_sexually_transmitted_infections	249.1
02013	2012-12-31	chr_some_college	0.389017341040462
02013	2012-12-31	chr_unemployment	0.085
02013	2012-12-31	chr_uninsured	0.367
02013	2012-12-31	chr_uninsured_adults	0.389
02013	2013-12-31	chr_65_and_older	0.0583228247162673
02013	2013-12-31	chr_access_to_recreational_facilities	0
02013	2013-12-31	chr_adult_obesity	0.314
02013	2013-12-31	chr_american_indian_or_alaska_native	0.252206809583859
02013	2013-12-31	chr_asian	0.377679697351828
02013	2013-12-31	chr_below_18_years_of_age	0.115384615384615
02013	2013-12-31	chr_children_eligible_for_free_or_reduced_price_lunch	0.378181818181818
02013	2013-12-31	chr_children_in_poverty	0.175
02013	2013-12-31	chr_children_in_single_parent_households	0.401869158878505
02013	2013-12-31	chr_could_not_see_doctor_due_to_cost	0.151
02013	2013-12-31	chr_dentists	0
02013	2013-12-31	chr_diabetes_prevalence	0.059
02013	2013-12-31	chr_drinking_water_violations	0.446483180428135
02013	2013-12-31	chr_driving_alone_to_work	0.0771055753262159
02013	2013-12-31	chr_fast_food_restaurants	1
02013	2013-12-31	chr_female	0.328184110970996
02013	2013-12-31	chr_health_care_costs	4874.59
02013	2013-12-31	chr_high_housing_costs	0.18452380952381
02013	2013-12-31	chr_high_school_graduation	0.611111
02013	2013-12-31	chr_hispanic	0.127994955863808
02013	2013-12-31	chr_limited_access_to_healthy_foods	0.222769487799719
02013	2013-12-31	chr_median_household_income	51289
02013	2013-12-31	chr_native_hawaiian_or_other_pacific_islander	0.00630517023959647
02013	2013-12-31	chr_non_hispanic_black	0.0712484237074401
02013	2013-12-31	chr_non_hispanic_white	0.140605296343001
02013	2013-12-31	chr_not_proficient_in_english	0.220383851753805
02013	2013-12-31	chr_physical_inactivity	0.288
02013	2013-12-31	chr_poor_mental_health_days	3.6
02013	2013-12-31	chr_poor_or_fair_health	0.135
02013	2013-12-31	chr_poor_physical_health_days	3.8
02013	2013-12-31	chr_population	3172
02013	2013-12-31	chr_rural	1
02013	2013-12-31	chr_sexually_transmitted_infections	286.5
02013	2013-12-31	chr_some_college	0.428132205995388
02013	2013-12-31	chr_unemployment	0.111
02013	2013-12-31	chr_uninsured	0.412
02013	2013-12-31	chr_uninsured_adults	0.433
02013	2013-12-31	chr_uninsured_children	0.274
02013	2014-12-31	chr_65_and_older	0.0629547611515343
02013	2014-12-31	chr_access_to_exercise_opportunities	0.688634192932187
02013	2014-12-31	chr_adult_obesity	0.323
02013	2014-12-31	chr_adult_smoking	0.382
02013	2014-12-31	chr_american_indian_or_alaska_native	0.255821271239773
02013	2014-12-31	chr_asian	0.382315921963499
02013	2014-12-31	chr_below_18_years_of_age	0.102499209111041
02013	2014-12-31	chr_children_eligible_for_free_or_reduced_price_lunch	0.378181818181818
02013	2014-12-31	chr_children_in_poverty	0.144
02013	2014-12-31	chr_children_in_single_parent_households	0.394422310756972
02013	2014-12-31	chr_could_not_see_doctor_due_to_cost	0.137
02013	2014-12-31	chr_dentists	3.163556e-4
02013	2014-12-31	chr_diabetes_prevalence	0.077
02013	2014-12-31	chr_drinking_water_violations	0.446483180428135
02013	2014-12-31	chr_driving_alone_to_work	0.0876786404016995
02013	2014-12-31	chr_excessive_drinking	0.398
02013	2014-12-31	chr_female	0.325991189427313
02013	2014-12-31	chr_food_environment_index	4.83738791233254
02013	2014-12-31	chr_food_insecurity	0.202
02013	2014-12-31	chr_health_care_costs	5143.516973
02013	2014-12-31	chr_hispanic	0.126494650723726
02013	2014-12-31	chr_limited_access_to_healthy_foods	0.222769487799719
02013	2014-12-31	chr_long_commute_driving_alone	0.017
02013	2014-12-31	chr_median_household_income	51514
02013	2014-12-31	chr_native_hawaiian_or_other_pacific_islander	0.00597860289490245
02013	2014-12-31	chr_non_hispanic_black	0.0704845814977974
02013	2014-12-31	chr_non_hispanic_white	0.137193203272498
02013	2014-12-31	chr_not_proficient_in_english	0.204007884362681
02013	2014-12-31	chr_physical_inactivity	0.314
02013	2014-12-31	chr_poor_mental_health_days	3.8
02013	2014-12-31	chr_poor_or_fair_health	0.17
02013	2014-12-31	chr_poor_physical_health_days	2.9
02013	2014-12-31	chr_population	3161
02013	2014-12-31	chr_rural	1
02013	2014-12-31	chr_severe_housing_problems	0.113207547169811
02013	2014-12-31	chr_sexually_transmitted_infections	283.7
02013	2014-12-31	chr_some_college	0.413509060955519
02013	2014-12-31	chr_teen_births	62.7177700348432
02013	2014-12-31	chr_unemployment	0.125964010282776
02013	2014-12-31	chr_uninsured	0.46028580923895
02013	2014-12-31	chr_uninsured_adults	0.486342943854325
02013	2014-12-31	chr_uninsured_children	0.279487179487179
02013	2015-12-31	chr_65_and_older	0.0701811125485123
02013	2015-12-31	chr_access_to_exercise_opportunities	1
02013	2015-12-31	chr_adult_obesity	0.323
02013	2015-12-31	chr_adult_smoking	0.382
02013	2015-12-31	chr_american_indian_or_alaska_native	0.218305304010349
02013	2015-12-31	chr_asian	0.414294954721863
02013	2015-12-31	chr_below_18_years_of_age	0.10640362225097
02013	2015-12-31	chr_children_eligible_for_free_or_reduced_price_lunch	0.528
02013	2015-12-31	chr_children_in_poverty	0.133
02013	2015-12-31	chr_children_in_single_parent_households	0.4
02013	2015-12-31	chr_could_not_see_doctor_due_to_cost	0.137
02013	2015-12-31	chr_dentists	3.2341526520051e-4
02013	2015-12-31	chr_diabetes_monitoring	0.888888888888889
02013	2015-12-31	chr_diabetes_prevalence	0.071
02013	2015-12-31	chr_drinking_water_violations	0.223241590214067
02013	2015-12-31	chr_driving_alone_to_work	0.104006163328197
02013	2015-12-31	chr_excessive_drinking	0.398
02013	2015-12-31	chr_female	0.326002587322122
02013	2015-12-31	chr_food_environment_index	4.7
02013	2015-12-31	chr_food_insecurity	0.187
02013	2015-12-31	chr_health_care_costs	5258.08
02013	2015-12-31	chr_hispanic	0.135187580853816
02013	2015-12-31	chr_income_inequality	3.6462693877551
02013	2015-12-31	chr_limited_access_to_healthy_foods	0.222769487799719
02013	2015-12-31	chr_long_commute_driving_alone	0.022
02013	2015-12-31	chr_median_household_income	56856
02013	2015-12-31	chr_mental_health_providers	3.2341526520051e-4
02013	2015-12-31	chr_native_hawaiian_or_other_pacific_islander	0.00711513583441138
02013	2015-12-31	chr_non_hispanic_black	0.074385510996119
02013	2015-12-31	chr_non_hispanic_white	0.129366106080207
02013	2015-12-31	chr_not_proficient_in_english	0.172883554978917
02013	2015-12-31	chr_other_primary_care_providers	0.00258732212160414
02013	2015-12-31	chr_physical_inactivity	0.286
02013	2015-12-31	chr_poor_mental_health_days	3.8
02013	2015-12-31	chr_poor_or_fair_health	0.17
02013	2015-12-31	chr_poor_physical_health_days	2.9
02013	2015-12-31	chr_population	3092
02013	2015-12-31	chr_rural	1
02013	2015-12-31	chr_severe_housing_problems	0.134328358208955
02013	2015-12-31	chr_sexually_transmitted_infections	284.7
02013	2015-12-31	chr_social_associations	15.8177791838026
02013	2015-12-31	chr_some_college	0.352027610008628
02013	2015-12-31	chr_teen_births	60.9318996415771
02013	2015-12-31	chr_unemployment	0.114671163575042
02013	2015-12-31	chr_uninsured	0.416107382550336
02013	2015-12-31	chr_uninsured_adults	0.439033597583994
02013	2015-12-31	chr_uninsured_children	0.234463276836158
02013	2016-12-31	chr_65_and_older	0.0663690476190476
02013	2016-12-31	chr_access_to_exercise_opportunities	0.311365807067813
02013	2016-12-31	chr_adult_obesity	0.311
02013	2016-12-31	chr_adult_smoking	0.202
02013	2016-12-31	chr_american_indian_or_alaska_native	0.205357142857143
02013	2016-12-31	chr_asian	0.407142857142857
02013	2016-12-31	chr_below_18_years_of_age	0.101488095238095
02013	2016-12-31	chr_children_eligible_for_free_or_reduced_price_lunch	0.459143968871595
02013	2016-12-31	chr_children_in_poverty	0.156
02013	2016-12-31	chr_children_in_single_parent_households	0.377049180327869
02013	2016-12-31	chr_dentists	2.9761904761904e-4
02013	2016-12-31	chr_diabetes_monitoring	0.736842105263158
02013	2016-12-31	chr_diabetes_prevalence	0.1
02013	2016-12-31	chr_drinking_water_violations	0
02013	2016-12-31	chr_driving_alone_to_work	0.136346079567401
02013	2016-12-31	chr_drug_overdose_deaths_modeled	5
02013	2016-12-31	chr_excessive_drinking	0.176
02013	2016-12-31	chr_female	0.308630952380952
02013	2016-12-31	chr_food_environment_index	4.9
02013	2016-12-31	chr_food_insecurity	0.178
02013	2016-12-31	chr_frequent_mental_distress	0.083
02013	2016-12-31	chr_frequent_physical_distress	0.108
02013	2016-12-31	chr_health_care_costs	6428.84
02013	2016-12-31	chr_hispanic	0.132142857142857
02013	2016-12-31	chr_income_inequality	3.96730769230769
02013	2016-12-31	chr_insufficient_sleep	0.393
02013	2016-12-31	chr_limited_access_to_healthy_foods	0.222769487799719
02013	2016-12-31	chr_long_commute_driving_alone	0.009
02013	2016-12-31	chr_median_household_income	55462
02013	2016-12-31	chr_mental_health_providers	5.9523809523809e-4
02013	2016-12-31	chr_native_hawaiian_or_other_pacific_islander	0.0056547619047619
02013	2016-12-31	chr_non_hispanic_black	0.116964285714286
02013	2016-12-31	chr_non_hispanic_white	0.114583333333333
02013	2016-12-31	chr_not_proficient_in_english	0.133395813808185
02013	2016-12-31	chr_other_primary_care_providers	0.00238095238095238
02013	2016-12-31	chr_physical_inactivity	0.29
02013	2016-12-31	chr_poor_mental_health_days	2.6
02013	2016-12-31	chr_poor_or_fair_health	0.17
02013	2016-12-31	chr_poor_physical_health_days	3.6
02013	2016-12-31	chr_population	3360
02013	2016-12-31	chr_rural	1
02013	2016-12-31	chr_severe_housing_problems	0.10126582278481
02013	2016-12-31	chr_sexually_transmitted_infections	537.804492249288
02013	2016-12-31	chr_social_associations	12.9366106080207
02013	2016-12-31	chr_some_college	0.388366124893071
02013	2016-12-31	chr_teen_births	59.2592592592593
02013	2016-12-31	chr_unemployment	0.0458593054318789
02013	2016-12-31	chr_uninsured	0.404606393949811
02013	2016-12-31	chr_uninsured_adults	0.425961912164788
02013	2016-12-31	chr_uninsured_children	0.245014245014245
02013	2017-12-31	chr_65_and_older	0.06944028733912
02013	2017-12-31	chr_access_to_exercise_opportunities	0.311365807067813
02013	2017-12-31	chr_adult_obesity	0.334
02013	2017-12-31	chr_adult_smoking	0.191581139558208
02013	2017-12-31	chr_american_indian_or_alaska_native	0.196647710266387
02013	2017-12-31	chr_asian	0.417539658784795
02013	2017-12-31	chr_below_18_years_of_age	0.0882969170906914
02013	2017-12-31	chr_children_eligible_for_free_or_reduced_price_lunch	0.655601659751037
02013	2017-12-31	chr_children_in_poverty	0.155
02013	2017-12-31	chr_children_in_single_parent_households	0.3727959697733
02013	2017-12-31	chr_dentists	2.9931158335827e-4
02013	2017-12-31	chr_diabetes_prevalence	0.076
02013	2017-12-31	chr_drinking_water_violations	0
02013	2017-12-31	chr_driving_alone_to_work	0.183885121659354
02013	2017-12-31	chr_excessive_drinking	0.176777962713697
02013	2017-12-31	chr_female	0.308290930859024
02013	2017-12-31	chr_food_environment_index	5.7
02013	2017-12-31	chr_food_insecurity	0.143
02013	2017-12-31	chr_frequent_mental_distress	0.0885918261387739
02013	2017-12-31	chr_frequent_physical_distress	0.105579205399538
02013	2017-12-31	chr_health_care_costs	4473.62
02013	2017-12-31	chr_hispanic	0.141873690511823
02013	2017-12-31	chr_income_inequality	3.65608539925557
02013	2017-12-31	chr_insufficient_sleep	0.393
02013	2017-12-31	chr_limited_access_to_healthy_foods	0.222769487799719
02013	2017-12-31	chr_long_commute_driving_alone	0.008
02013	2017-12-31	chr_median_household_income	57015
02013	2017-12-31	chr_mental_health_providers	5.9862316671655e-4
02013	2017-12-31	chr_native_hawaiian_or_other_pacific_islander	0.00718347800059862
02013	2017-12-31	chr_non_hispanic_black	0.0996707572583059
02013	2017-12-31	chr_non_hispanic_white	0.119126010176594
02013	2017-12-31	chr_not_proficient_in_english	0.121676571786049
02013	2017-12-31	chr_other_primary_care_providers	0.00239449266686621
02013	2017-12-31	chr_physical_inactivity	0.269
02013	2017-12-31	chr_poor_mental_health_days	2.77533448160975
02013	2017-12-31	chr_poor_or_fair_health	0.164822381097611
02013	2017-12-31	chr_poor_physical_health_days	3.5729840557288
02013	2017-12-31	chr_population	3341
02013	2017-12-31	chr_rural	1
02013	2017-12-31	chr_severe_housing_problems	0.103448275862069
02013	2017-12-31	chr_sexually_transmitted_infections	258.7
02013	2017-12-31	chr_social_associations	8.92857142857143
02013	2017-12-31	chr_some_college	0.4111328125
02013	2017-12-31	chr_teen_births	45.9363957597173
02013	2017-12-31	chr_unemployment	0.0324017820980154
02013	2017-12-31	chr_uninsured	0.392799742847959
02013	2017-12-31	chr_uninsured_adults	0.41363144608727
02013	2017-12-31	chr_uninsured_children	0.230769230769231
02013	2018-12-31	chr_65_and_older	0.0691747572815534
02013	2018-12-31	chr_access_to_exercise_opportunities	0.689270932823941
02013	2018-12-31	chr_adult_obesity	0.349
02013	2018-12-31	chr_adult_smoking	0.174270619643446
02013	2018-12-31	chr_american_indian_or_alaska_native	0.189927184466019
02013	2018-12-31	chr_asian	0.442657766990291
02013	2018-12-31	chr_below_18_years_of_age	0.0888956310679612
02013	2018-12-31	chr_children_eligible_for_free_or_reduced_price_lunch	0
02013	2018-12-31	chr_children_in_poverty	0.135
02013	2018-12-31	chr_children_in_single_parent_households	0.4
02013	2018-12-31	chr_dentists	3.0339805825242e-4
02013	2018-12-31	chr_diabetes_prevalence	0.085
02013	2018-12-31	chr_drinking_water_violations	1
02013	2018-12-31	chr_driving_alone_to_work	0.239218877135883
02013	2018-12-31	chr_drug_overdose_deaths_modeled	8
02013	2018-12-31	chr_excessive_drinking	0.168640349900409
02013	2018-12-31	chr_female	0.321601941747573
02013	2018-12-31	chr_food_environment_index	5
02013	2018-12-31	chr_food_insecurity	0.138
02013	2018-12-31	chr_frequent_mental_distress	0.0900943235021087
02013	2018-12-31	chr_frequent_physical_distress	0.102437945550507
02013	2018-12-31	chr_health_care_costs	4895.03
02013	2018-12-31	chr_hispanic	0.13501213592233
02013	2018-12-31	chr_hiv_prevalence	161.7
02013	2018-12-31	chr_income_inequality	4.08587996727027
02013	2018-12-31	chr_insufficient_sleep	0.359073209838176
02013	2018-12-31	chr_limited_access_to_healthy_foods	0.349375096492862
02013	2018-12-31	chr_long_commute_driving_alone	0.003
02013	2018-12-31	chr_median_household_income	63991
02013	2018-12-31	chr_mental_health_providers	6.0679611650485e-4
02013	2018-12-31	chr_native_hawaiian_or_other_pacific_islander	0.00879854368932039
02013	2018-12-31	chr_non_hispanic_black	0.0946601941747573
02013	2018-12-31	chr_non_hispanic_white	0.108616504854369
02013	2018-12-31	chr_not_proficient_in_english	0.117280099812851
02013	2018-12-31	chr_other_primary_care_providers	0.00212378640776699
02013	2018-12-31	chr_physical_inactivity	0.269
02013	2018-12-31	chr_poor_mental_health_days	2.72647422763238
02013	2018-12-31	chr_poor_or_fair_health	0.167410230100876
02013	2018-12-31	chr_poor_physical_health_days	3.41846446671533
02013	2018-12-31	chr_population	3296
02013	2018-12-31	chr_premature_age_adjusted_mortality	178.2
02013	2018-12-31	chr_rural	1
02013	2018-12-31	chr_severe_housing_problems	0.147826086956522
02013	2018-12-31	chr_social_associations	8.97934750074828
02013	2018-12-31	chr_some_college	0.38921568627451
02013	2018-12-31	chr_unemployment	0.0272217774219375
02013	2018-12-31	chr_uninsured	0.373537061118336
02013	2018-12-31	chr_uninsured_adults	0.388048956083513
02013	2018-12-31	chr_uninsured_children	0.243827160493827
02013	2019-12-31	acs_AGE	42.5
02013	2019-12-31	acs_BDB	0.6235955056179775
02013	2019-12-31	acs_BTH	0.02006172839506172
02013	2019-12-31	acs_DCY	0.07407407407407407
02013	2019-12-31	acs_DEP	0.31049167634533487
02013	2019-12-31	acs_DIS	0.09260355029585798
02013	2019-12-31	acs_EDB	0.8547400611620795
02013	2019-12-31	acs_EDC	0.42010703363914376
02013	2019-12-31	acs_GNI	0.4068
02013	2019-12-31	acs_GRP	0.31403249630723784
02013	2019-12-31	acs_HBS	0.0898876404494382
02013	2019-12-31	acs_HBU	0.17415730337078653
02013	2019-12-31	acs_HTA	0.07752808988764046
02013	2019-12-31	acs_HTJ	0.02696629213483146
02013	2019-12-31	acs_HUF	0.03370786516853932
02013	2019-12-31	acs_HUG	0.0146067415730337
02013	2019-12-31	acs_HUN	0.06063268892794376
02013	2019-12-31	acs_HUO	0.6382022471910113
02013	2019-12-31	acs_INB	30173
02013	2019-12-31	acs_INC	69250
02013	2019-12-31	acs_INL	4.11
02013	2019-12-31	acs_INM	9.94
02013	2019-12-31	acs_INN	17.05
02013	2019-12-31	acs_INO	24.26
02013	2019-12-31	acs_INP	44.65
02013	2019-12-31	acs_INQ	16.6
02013	2019-12-31	acs_LEQ	0.22496947496947495
02013	2019-12-31	acs_MCD	0.1334319526627219
02013	2019-12-31	acs_MCR	0.09319526627218935
02013	2019-12-31	acs_OWS	10.86398678414097
02013	2019-12-31	acs_PCI	33939
02013	2019-12-31	acs_PCT_A	0.1967503692762186
02013	2019-12-31	acs_PCT_B	0.03220088626292466
02013	2019-12-31	acs_PCT_F	0.3994091580502216
02013	2019-12-31	acs_PCT_H	0.09010339734121124
02013	2019-12-31	acs_PCT_I	0.03220088626292466
02013	2019-12-31	acs_PCT_J	0.11078286558345644
02013	2019-12-31	acs_PCT_M	0.6005908419497784
02013	2019-12-31	acs_PCT_O	0.44726735598227474
02013	2019-12-31	acs_PCT_P	0.4587887740029542
02013	2019-12-31	acs_PCT_P1	0.01004431314623338
02013	2019-12-31	acs_PCT_Q	0.08005908419497784
02013	2019-12-31	acs_PCT_S	0.09394387001477104
02013	2019-12-31	acs_PCT_W	0.13205317577548006
02013	2019-12-31	acs_PCT_Y	0.31580502215657313
02013	2019-12-31	acs_POP	3385
02013	2019-12-31	acs_POP_A	666
02013	2019-12-31	acs_POP_B	109
02013	2019-12-31	acs_POP_F	1352
02013	2019-12-31	acs_POP_H	305
02013	2019-12-31	acs_POP_I	109
02013	2019-12-31	acs_POP_J	375
02013	2019-12-31	acs_POP_M	2033
02013	2019-12-31	acs_POP_O	1514
02013	2019-12-31	acs_POP_P	1553
02013	2019-12-31	acs_POP_P1	34
02013	2019-12-31	acs_POP_Q	271
02013	2019-12-31	acs_POP_S	318
02013	2019-12-31	acs_POP_W	447
02013	2019-12-31	acs_POP_Y	1069
02013	2019-12-31	acs_POV	0.13765541740674955
02013	2019-12-31	acs_PUB	0.0026525198938992
02013	2019-12-31	acs_PVA	0.04470100651272942
02013	2019-12-31	acs_PVB	0.23060982830076968
02013	2019-12-31	acs_PVC	0.34517465956187093
02013	2019-12-31	acs_REX	0.7176982473288838
02013	2019-12-31	acs_SNP	0.1303370786516854
02013	2019-12-31	acs_UMP	0.03876615256356815
02013	2019-12-31	acs_UNS	0.4630177514792899
02013	2019-12-31	acs_VAL	119900
02013	2019-12-31	acs_WWN	0.3359550561797753
02013	2019-12-31	census_ur_pct_urban_hu	0
02013	2019-12-31	census_ur_pct_urban_land	0
02013	2019-12-31	census_ur_pct_urban_pop	0
02013	2019-12-31	chr_65_and_older	0.0902077151335312
02013	2019-12-31	chr_access_to_exercise_opportunities	0.927411652340019
02013	2019-12-31	chr_adult_obesity	0.395
02013	2019-12-31	chr_adult_smoking	0.174270619643446
02013	2019-12-31	chr_american_indian_or_alaska_native	0.207715133531157
02013	2019-12-31	chr_asian	0.417507418397626
02013	2019-12-31	chr_below_18_years_of_age	0.0872403560830861
02013	2019-12-31	chr_children_eligible_for_free_or_reduced_price_lunch	0.0502092050209205
02013	2019-12-31	chr_children_in_poverty	0.115
02013	2019-12-31	chr_children_in_single_parent_households	0.414578587699317
02013	2019-12-31	chr_dentists	2.9673590504451e-4
02013	2019-12-31	chr_diabetes_prevalence	0.086
02013	2019-12-31	chr_drinking_water_violations	0
02013	2019-12-31	chr_driving_alone_to_work	0.263819095477387
02013	2019-12-31	chr_excessive_drinking	0.168640349900409
02013	2019-12-31	chr_female	0.319881305637982
02013	2019-12-31	chr_food_environment_index	5.2
02013	2019-12-31	chr_food_insecurity	0.129
02013	2019-12-31	chr_frequent_mental_distress	0.0900943235021087
02013	2019-12-31	chr_frequent_physical_distress	0.102437945550507
02013	2019-12-31	chr_high_school_graduation	0.823529411764706
02013	2019-12-31	chr_hispanic	0.137091988130564
02013	2019-12-31	chr_hiv_prevalence	161.7
02013	2019-12-31	chr_homeownership	0.5935960591133
02013	2019-12-31	chr_income_inequality	4.34799924854405
02013	2019-12-31	chr_insufficient_sleep	0.359073209838176
02013	2019-12-31	chr_life_expectancy	92.482239572397
02013	2019-12-31	chr_limited_access_to_healthy_foods	0.349375096492862
02013	2019-12-31	chr_long_commute_driving_alone	0.005
02013	2019-12-31	chr_median_household_income	69375
02013	2019-12-31	chr_mental_health_providers	5.9347181008902e-4
02013	2019-12-31	chr_native_hawaiian_or_other_pacific_islander	0.013946587537092
02013	2019-12-31	chr_non_hispanic_black	0.101780415430267
02013	2019-12-31	chr_non_hispanic_white	0.0991097922848665
02013	2019-12-31	chr_not_proficient_in_english	0.109808760024676
02013	2019-12-31	chr_other_primary_care_providers	0.00178041543026706
02013	2019-12-31	chr_physical_inactivity	0.222
02013	2019-12-31	chr_poor_mental_health_days	2.72647422763238
02013	2019-12-31	chr_poor_or_fair_health	0.167410230100876
02013	2019-12-31	chr_poor_physical_health_days	3.41846446671533
02013	2019-12-31	chr_population	3370
02013	2019-12-31	chr_rural	1
02013	2019-12-31	chr_severe_housing_cost_burden	0.110132158590308
02013	2019-12-31	chr_severe_housing_problems	0.144927536231884
02013	2019-12-31	chr_sexually_transmitted_infections	179.6
02013	2019-12-31	chr_social_associations	6.06796116504854
02013	2019-12-31	chr_some_college	0.419791666666667
02013	2019-12-31	chr_unemployment	0.0251547987616099
02013	2019-12-31	chr_uninsured	0.334537097833224
02013	2019-12-31	chr_uninsured_adults	0.350036310820625
02013	2019-12-31	chr_uninsured_children	0.2
02013	2020-12-31	acs_AGE	44.1
02013	2020-12-31	acs_BDB	0.5789473684210527
02013	2020-12-31	acs_BTH	0.02553763440860215
02013	2020-12-31	acs_DCY	0.10714285714285714
02013	2020-12-31	acs_DEP	0.3212475633528265
02013	2020-12-31	acs_DIS	0.10667848699763594
02013	2020-12-31	acs_EDB	0.8662131519274376
02013	2020-12-31	acs_EDC	0.45918367346938777
02013	2020-12-31	acs_GNI	0.3831
02013	2020-12-31	acs_GRP	0.3053998229566244
02013	2020-12-31	acs_HBS	0.08097165991902834
02013	2020-12-31	acs_HBU	0.14271255060728744
02013	2020-12-31	acs_HTA	0.07388663967611336
02013	2020-12-31	acs_HTJ	0.03036437246963562
02013	2020-12-31	acs_HUF	0.0242914979757085
02013	2020-12-31	acs_HUG	0.05566801619433198
02013	2020-12-31	acs_HUN	0.05754795663052543
02013	2020-12-31	acs_HUO	0.6143724696356275
02013	2020-12-31	acs_INB	31911
02013	2020-12-31	acs_INC	75833
02013	2020-12-31	acs_INL	4.24
02013	2020-12-31	acs_INM	10.24
02013	2020-12-31	acs_INN	17.76
02013	2020-12-31	acs_INO	26.43
02013	2020-12-31	acs_INP	41.34
02013	2020-12-31	acs_INQ	15.04
02013	2020-12-31	acs_LEQ	0.21275946275946275
02013	2020-12-31	acs_MCD	0.1453900709219858
02013	2020-12-31	acs_MCR	0.11317966903073286
02013	2020-12-31	acs_OWS	9.742623494308765
02013	2020-12-31	acs_PCI	36973
02013	2020-12-31	acs_PCT_A	0.2404839185600472
02013	2020-12-31	acs_PCT_B	0.02832694010032458
02013	2020-12-31	acs_PCT_F	0.4228385954558867
02013	2020-12-31	acs_PCT_H	0.08734139864266745
02013	2020-12-31	acs_PCT_I	0.03334316907642372
02013	2020-12-31	acs_PCT_J	0.09737385659486576
02013	2020-12-31	acs_PCT_M	0.5771614045441134
02013	2020-12-31	acs_PCT_O	0.4337562702862201
02013	2020-12-31	acs_PCT_P	0.4077899085275893
02013	2020-12-31	acs_PCT_P1	0.00324579521982885
02013	2020-12-31	acs_PCT_Q	0.09589849513130716
02013	2020-12-31	acs_PCT_S	0.11242254352316318
02013	2020-12-31	acs_PCT_W	0.13278253172027146
02013	2020-12-31	acs_PCT_Y	0.3231041605193272
02013	2020-12-31	acs_POP	3389
02013	2020-12-31	acs_POP_A	815
02013	2020-12-31	acs_POP_B	96
02013	2020-12-31	acs_POP_F	1433
02013	2020-12-31	acs_POP_H	296
02013	2020-12-31	acs_POP_I	113
02013	2020-12-31	acs_POP_J	330
02013	2020-12-31	acs_POP_M	1956
02013	2020-12-31	acs_POP_O	1470
02013	2020-12-31	acs_POP_P	1382
02013	2020-12-31	acs_POP_P1	11
02013	2020-12-31	acs_POP_Q	325
02013	2020-12-31	acs_POP_S	381
02013	2020-12-31	acs_POP_W	450
02013	2020-12-31	acs_POP_Y	1095
02013	2020-12-31	acs_POV	0.12192956496004737
02013	2020-12-31	acs_PUB	0.00133570792520035
02013	2020-12-31	acs_PVA	0.03580941106836342
02013	2020-12-31	acs_PVB	0.20656999112163363
02013	2020-12-31	acs_PVC	0.2992009470257473
02013	2020-12-31	acs_REX	0.7406056826796569
02013	2020-12-31	acs_SNP	0.09919028340080972
02013	2020-12-31	acs_UMP	0.0356255178127589
02013	2020-12-31	acs_UNS	0.39745862884160754
02013	2020-12-31	acs_VAL	136700
02013	2020-12-31	acs_WWN	0.3805668016194332
02013	2020-12-31	census_ur_pct_urban_hu	0
02013	2020-12-31	census_ur_pct_urban_land	0
02013	2020-12-31	census_ur_pct_urban_pop	0
02013	2020-12-31	chr_65_and_older	0.092176386913229
02013	2020-12-31	chr_access_to_exercise_opportunities	1
02013	2020-12-31	chr_adult_obesity	0.505
02013	2020-12-31	chr_adult_smoking	0.166468109227348
02013	2020-12-31	chr_american_indian_or_alaska_native	0.196870554765292
02013	2020-12-31	chr_asian	0.433570412517781
02013	2020-12-31	chr_below_18_years_of_age	0.0788051209103841
02013	2020-12-31	chr_children_eligible_for_free_or_reduced_price_lunch	0.039647577092511
02013	2020-12-31	chr_children_in_poverty	0.125
02013	2020-12-31	chr_children_in_single_parent_households	0.506224066390041
02013	2020-12-31	chr_dentists	2.8449502133712e-4
02013	2020-12-31	chr_diabetes_prevalence	0.126
02013	2020-12-31	chr_drinking_water_violations	1
02013	2020-12-31	chr_driving_alone_to_work	0.261733615221987
02013	2020-12-31	chr_excessive_drinking	0.166257961191501
02013	2020-12-31	chr_female	0.324608819345661
02013	2020-12-31	chr_food_environment_index	5.3
02013	2020-12-31	chr_food_insecurity	0.125
02013	2020-12-31	chr_frequent_mental_distress	0.0915811104266361
02013	2020-12-31	chr_frequent_physical_distress	0.106058529300622
02013	2020-12-31	chr_high_school_graduation	0.888888888888889
02013	2020-12-31	chr_hispanic	0.147083926031294
02013	2020-12-31	chr_homeownership	0.618604651162791
02013	2020-12-31	chr_income_inequality	4.24206113537118
02013	2020-12-31	chr_insufficient_sleep	0.359073209838176
02013	2020-12-31	chr_juvenile_arrests	0
02013	2020-12-31	chr_life_expectancy	91.147160562795
02013	2020-12-31	chr_limited_access_to_healthy_foods	0.349375096492862
02013	2020-12-31	chr_long_commute_driving_alone	0
02013	2020-12-31	chr_median_household_income	70081
02013	2020-12-31	chr_mental_health_providers	8.5348506401138e-4
02013	2020-12-31	chr_native_hawaiian_or_other_pacific_islander	0.0119487908961593
02013	2020-12-31	chr_non_hispanic_black	0.104125177809388
02013	2020-12-31	chr_non_hispanic_white	0.0859174964438122
02013	2020-12-31	chr_not_proficient_in_english	0.130841121495327
02013	2020-12-31	chr_other_primary_care_providers	0.00142247510668563
02013	2020-12-31	chr_physical_inactivity	0.3
02013	2020-12-31	chr_poor_mental_health_days	2.7837432156454
02013	2020-12-31	chr_poor_or_fair_health	0.168345209099482
02013	2020-12-31	chr_poor_physical_health_days	3.41331763981912
02013	2020-12-31	chr_population	3515
02013	2020-12-31	chr_rural	1
02013	2020-12-31	chr_severe_housing_cost_burden	0.102097902097902
02013	2020-12-31	chr_severe_housing_problems	0.126582278481013
02013	2020-12-31	chr_sexually_transmitted_infections	385.8
02013	2020-12-31	chr_social_associations	0
02013	2020-12-31	chr_some_college	0.49049049049049
02013	2020-12-31	chr_traffic_volume	0
02013	2020-12-31	chr_unemployment	0.029728565273589
02013	2020-12-31	chr_uninsured	0.278608582574772
02013	2020-12-31	chr_uninsured_adults	0.291561938958707
02013	2020-12-31	chr_uninsured_children	0.156050955414013
02013	2021-12-31	acs_AGE	43.2
02013	2021-12-31	acs_BDB	0.5754923413566739
02013	2021-12-31	acs_BTH	0.03150684931506849
02013	2021-12-31	acs_DCY	0.12195121951219512
02013	2021-12-31	acs_DEP	0.348496835443038
02013	2021-12-31	acs_DIS	0.10781433607520564
02013	2021-12-31	acs_EDB	0.8471901462663587
02013	2021-12-31	acs_EDC	0.4314857582755966
02013	2021-12-31	acs_GNI	0.3956
02013	2021-12-31	acs_GRP	0.28366089762393665
02013	2021-12-31	acs_HBS	0.08971553610503283
02013	2021-12-31	acs_HBU	0.16630196936542668
02013	2021-12-31	acs_HTA	0.0787746170678337
02013	2021-12-31	acs_HTJ	0.04595185995623632
02013	2021-12-31	acs_HUF	0.02735229759299781
02013	2021-12-31	acs_HUG	0.03063457330415754
02013	2021-12-31	acs_HUN	0.06289308176100629
02013	2021-12-31	acs_HUO	0.6181619256017505
02013	2021-12-31	acs_INB	32078
02013	2021-12-31	acs_INC	72258
02013	2021-12-31	acs_INL	3.88
02013	2021-12-31	acs_INM	10.12
02013	2021-12-31	acs_INN	17.25
02013	2021-12-31	acs_INO	26.31
02013	2021-12-31	acs_INP	42.44
02013	2021-12-31	acs_INQ	15.27
02013	2021-12-31	acs_LEQ	0.1840584119257682
02013	2021-12-31	acs_MCD	0.1618683901292597
02013	2021-12-31	acs_MCR	0.12220916568742655
02013	2021-12-31	acs_OWS	10.95034864150036
02013	2021-12-31	acs_PCI	36157
02013	2021-12-31	acs_PCT_A	0.20885890290407744
02013	2021-12-31	acs_PCT_B	0.01760046934584922
02013	2021-12-31	acs_PCT_F	0.4092109122909944
02013	2021-12-31	acs_PCT_H	0.10530947491933118
02013	2021-12-31	acs_PCT_I	0.03578762100322675
02013	2021-12-31	acs_PCT_J	0.10560281607509532
02013	2021-12-31	acs_PCT_M	0.5907890877090056
02013	2021-12-31	acs_PCT_O	0.41742446465239075
02013	2021-12-31	acs_PCT_P	0.4403050748019947
02013	2021-12-31	acs_PCT_P1	0.00322675271340569
02013	2021-12-31	acs_PCT_Q	0.0924024640657084
02013	2021-12-31	acs_PCT_S	0.11704312114989732
02013	2021-12-31	acs_PCT_W	0.12789674391317102
02013	2021-12-31	acs_PCT_Y	0.32414197711938986
02013	2021-12-31	acs_POP	3409
02013	2021-12-31	acs_POP_A	712
02013	2021-12-31	acs_POP_B	60
02013	2021-12-31	acs_POP_F	1395
02013	2021-12-31	acs_POP_H	359
02013	2021-12-31	acs_POP_I	122
02013	2021-12-31	acs_POP_J	360
02013	2021-12-31	acs_POP_M	2014
02013	2021-12-31	acs_POP_O	1423
02013	2021-12-31	acs_POP_P	1501
02013	2021-12-31	acs_POP_P1	11
02013	2021-12-31	acs_POP_Q	315
02013	2021-12-31	acs_POP_S	399
02013	2021-12-31	acs_POP_W	436
02013	2021-12-31	acs_POP_Y	1105
02013	2021-12-31	acs_POV	0.1337260677466863
02013	2021-12-31	acs_PUB	0.00187793427230046
02013	2021-12-31	acs_PVA	0.03888070692194403
02013	2021-12-31	acs_PVB	0.22650957290132548
02013	2021-12-31	acs_PVC	0.3363770250368189
02013	2021-12-31	acs_REX	0.7262033333502562
02013	2021-12-31	acs_SNP	0.11816192560175055
02013	2021-12-31	acs_UMP	0.045297670405522
02013	2021-12-31	acs_UNS	0.400117508813161
02013	2021-12-31	acs_VAL	144100
02013	2021-12-31	acs_WWN	0.37199124726477023
02013	2021-12-31	census_ur_pct_urban_hu	0
02013	2021-12-31	census_ur_pct_urban_land	0
02013	2021-12-31	census_ur_pct_urban_pop	0
02013	2021-12-31	chr_65_and_older	0.105184297273
02013	2021-12-31	chr_access_to_exercise_opportunities	1
02013	2021-12-31	chr_adult_obesity	0.519
02013	2021-12-31	chr_adult_smoking	0.209691825865828
02013	2021-12-31	chr_american_indian_or_alaska_native	0.201977824393168
02013	2021-12-31	chr_asian	0.433623014683848
02013	2021-12-31	chr_below_18_years_of_age	0.0758166017380881
02013	2021-12-31	chr_broadband_access	0.623595505617977
02013	2021-12-31	chr_children_eligible_for_free_or_reduced_price_lunch	0.039647577092511
02013	2021-12-31	chr_children_in_poverty	0.134
02013	2021-12-31	chr_children_in_single_parent_households	0.31055900621118
02013	2021-12-31	chr_dentists	2.9967036260113e-4
02013	2021-12-31	chr_diabetes_prevalence	0.145
02013	2021-12-31	chr_drinking_water_violations	0
02013	2021-12-31	chr_driving_alone_to_work	0.266136162687887
02013	2021-12-31	chr_excessive_drinking	0.149170089006103
02013	2021-12-31	chr_female	0.324842673059634
02013	2021-12-31	chr_food_environment_index	5.4
02013	2021-12-31	chr_food_insecurity	0.116
02013	2021-12-31	chr_frequent_mental_distress	0.114790841579674
02013	2021-12-31	chr_frequent_physical_distress	0.134321456551991
02013	2021-12-31	chr_high_school_completion	0.854740061162079
02013	2021-12-31	chr_hispanic	0.147737488762361
02013	2021-12-31	chr_homeownership	0.638202247191011
02013	2021-12-31	chr_income_inequality	4.32959206503095
02013	2021-12-31	chr_insufficient_sleep	0.389203842908962
02013	2021-12-31	chr_juvenile_arrests	0
02013	2021-12-31	chr_life_expectancy	113.46213719568
02013	2021-12-31	chr_limited_access_to_healthy_foods	0.349375096492862
02013	2021-12-31	chr_long_commute_driving_alone	0
02013	2021-12-31	chr_median_household_income	66923
02013	2021-12-31	chr_mental_health_providers	8.9901108780341e-4
02013	2021-12-31	chr_native_hawaiian_or_other_pacific_islander	0.0119868145040456
02013	2021-12-31	chr_non_hispanic_black	0.0905004495055439
02013	2021-12-31	chr_non_hispanic_white	0.0905004495055439
02013	2021-12-31	chr_not_proficient_in_english	0.113858363858364
02013	2021-12-31	chr_other_primary_care_providers	0.00149835181300569
02013	2021-12-31	chr_physical_inactivity	0.266
02013	2021-12-31	chr_poor_mental_health_days	3.65307529442345
02013	2021-12-31	chr_poor_or_fair_health	0.208675846487195
02013	2021-12-31	chr_poor_physical_health_days	4.2630369443595
02013	2021-12-31	chr_population	3337
02013	2021-12-31	chr_rural	1
02013	2021-12-31	chr_severe_housing_cost_burden	0.105820105820106
02013	2021-12-31	chr_severe_housing_problems	0.12962962962963
02013	2021-12-31	chr_sexually_transmitted_infections	237.4
02013	2021-12-31	chr_social_associations	0
02013	2021-12-31	chr_some_college	0.451707317073171
02013	2021-12-31	chr_traffic_volume	0
02013	2021-12-31	chr_unemployment	0.028006589785832
02013	2021-12-31	chr_uninsured	0.256105197244834
02013	2021-12-31	chr_uninsured_adults	0.269085929476207
02013	2021-12-31	chr_uninsured_children	0.115384615384615
02013	2022-12-31	acs_AGE	41.6
02013	2022-12-31	acs_BDB	0.5773081201334817
02013	2022-12-31	acs_BTH	0.05194805194805195
02013	2022-12-31	acs_DCY	0.11206896551724138
02013	2022-12-31	acs_DEP	0.31341557440246726
02013	2022-12-31	acs_DIS	0.10438106439282564
02013	2022-12-31	acs_EDB	0.8100934579439253
02013	2022-12-31	acs_EDC	0.4164485981308411
02013	2022-12-31	acs_GNI	0.3727
02013	2022-12-31	acs_GRP	0.36336953331376576
02013	2022-12-31	acs_HBS	0.08008898776418243
02013	2022-12-31	acs_HBU	0.1568409343715239
02013	2022-12-31	acs_HTA	0.06674082313681869
02013	2022-12-31	acs_HTJ	0.05116796440489433
02013	2022-12-31	acs_HUF	0.02892102335928809
02013	2022-12-31	acs_HUG	0.03114571746384872
02013	2022-12-31	acs_HUN	0.06887052341597796
02013	2022-12-31	acs_HUO	0.5884315906562848
02013	2022-12-31	acs_INB	33996
02013	2022-12-31	acs_INC	79961
02013	2022-12-31	acs_INL	4.01
02013	2022-12-31	acs_INM	10.76
02013	2022-12-31	acs_INN	18.35
02013	2022-12-31	acs_INO	26.76
02013	2022-12-31	acs_INP	40.13
02013	2022-12-31	acs_INQ	13.55
02013	2022-12-31	acs_LEQ	0.25098514701424673
02013	2022-12-31	acs_MCD	0.1487797706556895
02013	2022-12-31	acs_MCR	0.12084680976183476
02013	2022-12-31	acs_OWS	10.012827757685352
02013	2022-12-31	acs_PCI	42165
02013	2022-12-31	acs_PCT_A	0.19841502788376872
02013	2022-12-31	acs_PCT_B	0.05048429703551511
02013	2022-12-31	acs_PCT_F	0.38303492808922807
02013	2022-12-31	acs_PCT_H	0.11887290871734664
02013	2022-12-31	acs_PCT_I	0.03169944232462577
02013	2022-12-31	acs_PCT_J	0.09069562665101262
02013	2022-12-31	acs_PCT_M	0.616965071910772
02013	2022-12-31	acs_PCT_O	0.4162019371881421
02013	2022-12-31	acs_PCT_P	0.36630466686234225
02013	2022-12-31	acs_PCT_P1	0.00293513354857646
02013	2022-12-31	acs_PCT_Q	0.10126210742588788
02013	2022-12-31	acs_PCT_S	0.11623128852362782
02013	2022-12-31	acs_PCT_W	0.15732315820369827
02013	2022-12-31	acs_PCT_Y	0.3451717053125917
02013	2022-12-31	acs_POP	3407
02013	2022-12-31	acs_POP_A	676
02013	2022-12-31	acs_POP_B	172
02013	2022-12-31	acs_POP_F	1305
02013	2022-12-31	acs_POP_H	405
02013	2022-12-31	acs_POP_I	108
02013	2022-12-31	acs_POP_J	309
02013	2022-12-31	acs_POP_M	2102
02013	2022-12-31	acs_POP_O	1418
02013	2022-12-31	acs_POP_P	1248
02013	2022-12-31	acs_POP_P1	10
02013	2022-12-31	acs_POP_Q	345
02013	2022-12-31	acs_POP_S	396
02013	2022-12-31	acs_POP_W	536
02013	2022-12-31	acs_POP_Y	1176
02013	2022-12-31	acs_POV	0.1263622974963181
02013	2022-12-31	acs_PUB	0.0017825311942959
02013	2022-12-31	acs_PVA	0.04270986745213549
02013	2022-12-31	acs_PVB	0.2371134020618557
02013	2022-12-31	acs_PVC	0.33343151693667156
02013	2022-12-31	acs_REX	0.774759729554193
02013	2022-12-31	acs_SNP	0.12680756395995552
02013	2022-12-31	acs_UMP	0.0439651596847781
02013	2022-12-31	acs_UNS	0.3969420758600411
02013	2022-12-31	acs_VAL	164100
02013	2022-12-31	acs_WWN	0.36373748609566187
02013	2022-12-31	census_ur_pct_urban_hu	0
02013	2022-12-31	census_ur_pct_urban_land	0
02013	2022-12-31	census_ur_pct_urban_pop	0
02013	2022-12-31	chr_65_and_older	0.109967656571597
02013	2022-12-31	chr_access_to_exercise_opportunities	0.00955109837631328
02013	2022-12-31	chr_adult_obesity	0.315
02013	2022-12-31	chr_adult_smoking	0.195
02013	2022-12-31	chr_american_indian_or_alaska_native	0.193766539253161
02013	2022-12-31	chr_asian	0.439282563951779
02013	2022-12-31	chr_below_18_years_of_age	0.0705674801528962
02013	2022-12-31	chr_broadband_access	0.578947368421053
02013	2022-12-31	chr_child_care_cost_burden	0.191070164796279
02013	2022-12-31	chr_children_eligible_for_free_or_reduced_price_lunch	0.039647577092511
02013	2022-12-31	chr_children_in_poverty	0.132
02013	2022-12-31	chr_children_in_single_parent_households	0.276018099547511
02013	2022-12-31	chr_dentists	2.9403116730373e-4
02013	2022-12-31	chr_diabetes_prevalence	0.129
02013	2022-12-31	chr_drinking_water_violations	0
02013	2022-12-31	chr_driving_alone_to_work	0.263579697239537
02013	2022-12-31	chr_excessive_drinking	0.163061053992433
02013	2022-12-31	chr_female	0.326080564539841
02013	2022-12-31	chr_food_environment_index	7.3
02013	2022-12-31	chr_food_insecurity	0.11
02013	2022-12-31	chr_frequent_mental_distress	0.12
02013	2022-12-31	chr_frequent_physical_distress	0.125
02013	2022-12-31	chr_gender_pay_gap	0.865509045292487
02013	2022-12-31	chr_high_school_completion	0.866213151927438
02013	2022-12-31	chr_hispanic	0.14877977065569
02013	2022-12-31	chr_homeownership	0.614372469635628
02013	2022-12-31	chr_income_inequality	4.03920792079208
02013	2022-12-31	chr_insufficient_sleep	0.389203842908962
02013	2022-12-31	chr_juvenile_arrests	0
02013	2022-12-31	chr_life_expectancy	112.503855947052
02013	2022-12-31	chr_limited_access_to_healthy_foods	0.145903331548832
02013	2022-12-31	chr_living_wage	36.64
02013	2022-12-31	chr_long_commute_driving_alone	0
02013	2022-12-31	chr_median_household_income	79128
02013	2022-12-31	chr_mental_health_providers	8.820935019112e-4
02013	2022-12-31	chr_native_hawaiian_or_other_pacific_islander	0.0102910908556307
02013	2022-12-31	chr_non_hispanic_black	0.088503381358424
02013	2022-12-31	chr_non_hispanic_white	0.0952660982064099
02013	2022-12-31	chr_not_proficient_in_english	0.101953601953602
02013	2022-12-31	chr_other_primary_care_providers	8.820935019112e-4
02013	2022-12-31	chr_physical_inactivity	0.281
02013	2022-12-31	chr_poor_mental_health_days	3.65754190699604
02013	2022-12-31	chr_poor_or_fair_health	0.228
02013	2022-12-31	chr_poor_physical_health_days	4.03320228607788
02013	2022-12-31	chr_population	3401
02013	2022-12-31	chr_rural	1
02013	2022-12-31	chr_school_funding_adequacy	24559.46
02013	2022-12-31	chr_school_segregation	0.0939244007469825
02013	2022-12-31	chr_severe_housing_cost_burden	0.0962695547533093
02013	2022-12-31	chr_severe_housing_problems	0.13953488372093
02013	2022-12-31	chr_sexually_transmitted_infections	329.6
02013	2022-12-31	chr_social_associations	0
02013	2022-12-31	chr_some_college	0.508424182358771
02013	2022-12-31	chr_traffic_volume	0
02013	2022-12-31	chr_unemployment	0.0396353547
02013	2022-12-31	chr_uninsured	0.232895180316818
02013	2022-12-31	chr_uninsured_adults	0.238970588235294
02013	2022-12-31	chr_uninsured_children	0.166023166023166
02013	2023-12-31	acs_AGE	41.8
02013	2023-12-31	acs_BDB	0.5801603206412825
02013	2023-12-31	acs_BTH	0.08394698085419734
02013	2023-12-31	acs_DCY	0.12931034482758622
02013	2023-12-31	acs_DEP	0.3064885496183206
02013	2023-12-31	acs_DIS	0.11238262910798122
02013	2023-12-31	acs_EDB	0.8388952819332566
02013	2023-12-31	acs_EDC	0.4438051400076716
02013	2023-12-31	acs_GNI	0.3953
02013	2023-12-31	acs_GRP	0.3470639789658195
02013	2023-12-31	acs_HBS	0.08917835671342686
02013	2023-12-31	acs_HBU	0.1462925851703407
02013	2023-12-31	acs_HTA	0.06012024048096192
02013	2023-12-31	acs_HTJ	0.0501002004008016
02013	2023-12-31	acs_HUF	0.02404809619238477
02013	2023-12-31	acs_HUG	0.05210420841683366
02013	2023-12-31	acs_HUN	0.07666098807495741
02013	2023-12-31	acs_HUO	0.5701402805611222
02013	2023-12-31	acs_INB	38949
02013	2023-12-31	acs_INC	72692
02013	2023-12-31	acs_INL	3.97
02013	2023-12-31	acs_INM	10.55
02013	2023-12-31	acs_INN	16.87
02013	2023-12-31	acs_INO	25.7
02013	2023-12-31	acs_INP	42.9
02013	2023-12-31	acs_INQ	15.13
02013	2023-12-31	acs_LEQ	0.23002713295146215
02013	2023-12-31	acs_MCD	0.1613849765258216
02013	2023-12-31	acs_MCR	0.12177230046948356
02013	2023-12-31	acs_OWS	10.79540056768812
02013	2023-12-31	acs_PCI	46293
02013	2023-12-31	acs_PCT_A	0.2123867952088811
02013	2023-12-31	acs_PCT_B	0.05872042068361086
02013	2023-12-31	acs_PCT_F	0.3818288051416886
02013	2023-12-31	acs_PCT_H	0.10517090271691498
02013	2023-12-31	acs_PCT_I	0.03096698802220274
02013	2023-12-31	acs_PCT_J	0.08881098451650599
02013	2023-12-31	acs_PCT_M	0.6181711948583114
02013	2023-12-31	acs_PCT_O	0.41250365176745546
02013	2023-12-31	acs_PCT_P	0.35962605901256206
02013	2023-12-31	acs_PCT_P1	0.00934852468594799
02013	2023-12-31	acs_PCT_Q	0.09494595384165937
02013	2023-12-31	acs_PCT_S	0.11481156879929888
02013	2023-12-31	acs_PCT_W	0.15425065731814197
02013	2023-12-31	acs_PCT_Y	0.35290680689453696
02013	2023-12-31	acs_POP	3423
02013	2023-12-31	acs_POP_A	727
02013	2023-12-31	acs_POP_B	201
02013	2023-12-31	acs_POP_F	1307
02013	2023-12-31	acs_POP_H	360
02013	2023-12-31	acs_POP_I	106
02013	2023-12-31	acs_POP_J	304
02013	2023-12-31	acs_POP_M	2116
02013	2023-12-31	acs_POP_O	1412
02013	2023-12-31	acs_POP_P	1231
02013	2023-12-31	acs_POP_P1	32
02013	2023-12-31	acs_POP_Q	325
02013	2023-12-31	acs_POP_S	393
02013	2023-12-31	acs_POP_W	528
02013	2023-12-31	acs_POP_Y	1208
02013	2023-12-31	acs_POV	0.12433862433862432
02013	2023-12-31	acs_PUB	0.00265369305616983
02013	2023-12-31	acs_PVA	0.04379776601998824
02013	2023-12-31	acs_PVB	0.20958259847148736
02013	2023-12-31	acs_PVC	0.3377425044091711
02013	2023-12-31	acs_REX	0.7781565459686578
02013	2023-12-31	acs_SNP	0.12925851703406813
02013	2023-12-31	acs_UMP	0.0380952380952381
02013	2023-12-31	acs_UNS	0.3503521126760563
02013	2023-12-31	acs_VAL	144300
02013	2023-12-31	acs_WWN	0.35971943887775554
02013	2023-12-31	census_ur_pct_urban_hu	0
02013	2023-12-31	census_ur_pct_urban_land	0
02013	2023-12-31	census_ur_pct_urban_pop	0
02013	2023-12-31	chr_65_and_older	0.117422012948793
02013	2023-12-31	chr_access_to_exercise_opportunities	0.110818713450292
02013	2023-12-31	chr_adult_obesity	0.293
02013	2023-12-31	chr_adult_smoking	0.178
02013	2023-12-31	chr_american_indian_or_alaska_native	0.198351971748087
02013	2023-12-31	chr_asian	0.419070041200706
02013	2023-12-31	chr_below_18_years_of_age	0.0723955267804591
02013	2023-12-31	chr_broadband_access	0.575492341356674
02013	2023-12-31	chr_census_participation	0.11
02013	2023-12-31	chr_child_care_cost_burden	0.241481564370839
02013	2023-12-31	chr_children_in_poverty	0.157
02013	2023-12-31	chr_children_in_single_parent_households	0.276507276507277
02013	2023-12-31	chr_dentists	2.9429075927015e-4
02013	2023-12-31	chr_diabetes_prevalence	0.12
02013	2023-12-31	chr_drinking_water_violations	1
02013	2023-12-31	chr_driving_alone_to_work	0.239906103286385
02013	2023-12-31	chr_excessive_drinking	0.1614410195
02013	2023-12-31	chr_female	0.329899941141848
02013	2023-12-31	chr_food_environment_index	7.3
02013	2023-12-31	chr_food_insecurity	0.098
02013	2023-12-31	chr_frequent_mental_distress	0.1
02013	2023-12-31	chr_frequent_physical_distress	0.09
02013	2023-12-31	chr_gender_pay_gap	0.940536210714791
02013	2023-12-31	chr_high_school_completion	0.847190146266359
02013	2023-12-31	chr_hispanic	0.161271336080047
02013	2023-12-31	chr_homeownership	0.618161925601751
02013	2023-12-31	chr_income_inequality	4.66272080920619
02013	2023-12-31	chr_insufficient_sleep	0.339
02013	2023-12-31	chr_juvenile_arrests	0
02013	2023-12-31	chr_life_expectancy	112.503855947052
02013	2023-12-31	chr_limited_access_to_healthy_foods	0.145903331548832
02013	2023-12-31	chr_living_wage	44.193932
02013	2023-12-31	chr_long_commute_driving_alone	0
02013	2023-12-31	chr_median_household_income	71492
02013	2023-12-31	chr_mental_health_providers	8.8287227781047e-4
02013	2023-12-31	chr_native_hawaiian_or_other_pacific_islander	0.0105944673337257
02013	2023-12-31	chr_non_hispanic_black	0.0935844614479105
02013	2023-12-31	chr_non_hispanic_white	0.0927015891701001
02013	2023-12-31	chr_not_proficient_in_english	0.0894432613325221
02013	2023-12-31	chr_other_primary_care_providers	8.8287227781047e-4
02013	2023-12-31	chr_physical_inactivity	0.276
02013	2023-12-31	chr_poor_mental_health_days	3.1215073823
02013	2023-12-31	chr_poor_or_fair_health	0.149
02013	2023-12-31	chr_poor_physical_health_days	2.9933174102
02013	2023-12-31	chr_population	3398
02013	2023-12-31	chr_rural	1
02013	2023-12-31	chr_school_funding_adequacy	26420.86
02013	2023-12-31	chr_school_segregation	0.149445964228923
02013	2023-12-31	chr_severe_housing_cost_burden	0.105398457583548
02013	2023-12-31	chr_severe_housing_problems	0.134831460674157
02013	2023-12-31	chr_sexually_transmitted_infections	149.8
02013	2023-12-31	chr_social_associations	0
02013	2023-12-31	chr_some_college	0.52128764278297
02013	2023-12-31	chr_unemployment	0.0230648944487881
02013	2023-12-31	chr_uninsured	0.207541191381496
02013	2023-12-31	chr_uninsured_adults	0.209422283356259
02013	2023-12-31	chr_uninsured_children	0.18796992481203
02013	2024-12-31	acs_AGE	40.8
02013	2024-12-31	acs_BDB	0.6411483253588517
02013	2024-12-31	acs_BTH	0.06128133704735376
02013	2024-12-31	acs_DCY	0.2457627118644068
02013	2024-12-31	acs_DEP	0.370632116215155
02013	2024-12-31	acs_DIS	0.12550490478938256
02013	2024-12-31	acs_EDB	0.8685427910562837
02013	2024-12-31	acs_EDC	0.5092521202775636
02013	2024-12-31	acs_GNI	0.4008
02013	2024-12-31	acs_GRP	0.3133772558006302
02013	2024-12-31	acs_HBS	0.07368421052631578
02013	2024-12-31	acs_HBU	0.1138755980861244
02013	2024-12-31	acs_HTA	0.06028708133971292
02013	2024-12-31	acs_HTJ	0.04019138755980861
02013	2024-12-31	acs_HUF	0.00765550239234449
02013	2024-12-31	acs_HUG	0.07559808612440191
02013	2024-12-31	acs_HUN	0.05783132530120482
02013	2024-12-31	acs_HUO	0.6421052631578947
02013	2024-12-31	acs_INB	40851
02013	2024-12-31	acs_INC	65365
02013	2024-12-31	acs_INL	4.16
02013	2024-12-31	acs_INM	10.42
02013	2024-12-31	acs_INN	16.84
02013	2024-12-31	acs_INO	23.95
02013	2024-12-31	acs_INP	44.64
02013	2024-12-31	acs_INQ	15.5
02013	2024-12-31	acs_LEQ	0.14801657785671996
02013	2024-12-31	acs_MCD	0.1933064050778996
02013	2024-12-31	acs_MCR	0.13012117714945182
02013	2024-12-31	acs_OWS	10.735030029137183
02013	2024-12-31	acs_PCI	46236
02013	2024-12-31	acs_PCT_A	0.19020338012030935
02013	2024-12-31	acs_PCT_B	0.02979089086221713
02013	2024-12-31	acs_PCT_F	0.391291893440275
02013	2024-12-31	acs_PCT_H	0.0867946147235749
02013	2024-12-31	acs_PCT_I	0.03236894872529361
02013	2024-12-31	acs_PCT_J	0.10741907762818675
02013	2024-12-31	acs_PCT_M	0.608708106559725
02013	2024-12-31	acs_PCT_O	0.38183901460899455
02013	2024-12-31	acs_PCT_P	0.39759381266112864
02013	2024-12-31	acs_PCT_P1	0.00773417358922944
02013	2024-12-31	acs_PCT_Q	0.1111429389859639
02013	2024-12-31	acs_PCT_S	0.13062159839587512
02013	2024-12-31	acs_PCT_W	0.16900601546834718
02013	2024-12-31	acs_PCT_Y	0.34775136064164996
02013	2024-12-31	acs_POP	3491
02013	2024-12-31	acs_POP_A	664
02013	2024-12-31	acs_POP_B	104
02013	2024-12-31	acs_POP_F	1366
02013	2024-12-31	acs_POP_H	303
02013	2024-12-31	acs_POP_I	113
02013	2024-12-31	acs_POP_J	375
02013	2024-12-31	acs_POP_M	2125
02013	2024-12-31	acs_POP_O	1333
02013	2024-12-31	acs_POP_P	1388
02013	2024-12-31	acs_POP_P1	27
02013	2024-12-31	acs_POP_Q	388
02013	2024-12-31	acs_POP_S	456
02013	2024-12-31	acs_POP_W	590
02013	2024-12-31	acs_POP_Y	1214
02013	2024-12-31	acs_POV	0.13219554527046573
02013	2024-12-31	acs_PUB	0
02013	2024-12-31	acs_PVA	0.05293607173850159
02013	2024-12-31	acs_PVB	0.2140584321666185
02013	2024-12-31	acs_PVC	0.34249349146658953
02013	2024-12-31	acs_REX	0.7563454284089849
02013	2024-12-31	acs_SNP	0.14545454545454545
02013	2024-12-31	acs_UMP	0.0835453774385072
02013	2024-12-31	acs_UNS	0.3557414887478361
02013	2024-12-31	acs_VAL	135500
02013	2024-12-31	acs_WWN	0.291866028708134
02013	2024-12-31	census_ur_pct_urban_hu	0
02013	2024-12-31	census_ur_pct_urban_land	0
02013	2024-12-31	census_ur_pct_urban_pop	0
02013	2024-12-31	chr_65_and_older	0.0994702766333137
02013	2024-12-31	chr_access_to_exercise_opportunities	0.273684210526316
02013	2024-12-31	chr_adult_obesity	0.313
02013	2024-12-31	chr_adult_smoking	0.186
02013	2024-12-31	chr_american_indian_or_alaska_native	0.139199529134785
02013	2024-12-31	chr_asian	0.46380223660977
02013	2024-12-31	chr_below_18_years_of_age	0.0570924072984108
02013	2024-12-31	chr_broadband_access	0.577308120133482
02013	2024-12-31	chr_census_participation	0.11
02013	2024-12-31	chr_child_care_cost_burden	0.191282672506173
02013	2024-12-31	chr_children_in_poverty	0.143
02013	2024-12-31	chr_children_in_single_parent_households	0.261390887290168
02013	2024-12-31	chr_dentists	2.9429075927015e-4
02013	2024-12-31	chr_diabetes_prevalence	0.126
02013	2024-12-31	chr_drinking_water_violations	0
02013	2024-12-31	chr_driving_alone_to_work	0.204991087344029
02013	2024-12-31	chr_excessive_drinking	0.15718334462
02013	2024-12-31	chr_female	0.301648028251913
02013	2024-12-31	chr_food_environment_index	7.4
02013	2024-12-31	chr_food_insecurity	0.093
02013	2024-12-31	chr_frequent_mental_distress	0.129
02013	2024-12-31	chr_frequent_physical_distress	0.113
02013	2024-12-31	chr_gender_pay_gap	1.00519480519481
02013	2024-12-31	chr_high_school_completion	0.810093457943925
02013	2024-12-31	chr_hispanic	0.173631547969394
02013	2024-12-31	chr_homeownership	0.588431590656285
02013	2024-12-31	chr_income_inequality	4.54056637985033
02013	2024-12-31	chr_insufficient_sleep	0.339
02013	2024-12-31	chr_juvenile_arrests	0
02013	2024-12-31	chr_limited_access_to_healthy_foods	0.145903331548832
02013	2024-12-31	chr_living_wage	47.65
02013	2024-12-31	chr_long_commute_driving_alone	0
02013	2024-12-31	chr_low_birth_weight	0.10752688172043
02013	2024-12-31	chr_median_household_income	85852
02013	2024-12-31	chr_mental_health_providers	8.8287227781047e-4
02013	2024-12-31	chr_native_hawaiian_or_other_pacific_islander	0.00971159505591524
02013	2024-12-31	chr_non_hispanic_black	0.102118893466745
02013	2024-12-31	chr_non_hispanic_white	0.088875809299588
02013	2024-12-31	chr_not_proficient_in_english	0.145498635950288
02013	2024-12-31	chr_other_primary_care_providers	8.8287227781047e-4
02013	2024-12-31	chr_physical_inactivity	0.288
02013	2024-12-31	chr_poor_mental_health_days	3.9927690622
02013	2024-12-31	chr_poor_or_fair_health	0.191
02013	2024-12-31	chr_poor_physical_health_days	3.6962861726
02013	2024-12-31	chr_population	3398
02013	2024-12-31	chr_rural	1
02013	2024-12-31	chr_school_funding_adequacy	26955.54
02013	2024-12-31	chr_school_segregation	0.125347903008714
02013	2024-12-31	chr_severe_housing_cost_burden	0.0991735537190083
02013	2024-12-31	chr_severe_housing_problems	0.126262626262626
02013	2024-12-31	chr_sexually_transmitted_infections	147.1
02013	2024-12-31	chr_social_associations	0
02013	2024-12-31	chr_some_college	0.479094076655052
02013	2024-12-31	chr_unemployment	0.0197206244864421
02013	2024-12-31	chr_uninsured	0.220598232494901
02013	2024-12-31	chr_uninsured_adults	0.228244837758112
02013	2024-12-31	chr_uninsured_children	0.137096774193548
02013	2025-12-31	chr_65_and_older	0.0950592314360012
02013	2025-12-31	chr_access_to_exercise_opportunities	0.273684210526316
02013	2025-12-31	chr_access_to_parks	0.273684210526316
02013	2025-12-31	chr_adult_obesity	0.309
02013	2025-12-31	chr_adult_smoking	0.172
02013	2025-12-31	chr_adverse_climate_events	0
02013	2025-12-31	chr_american_indian_or_alaska_native	0.133198497544062
02013	2025-12-31	chr_asian	0.441779832418376
02013	2025-12-31	chr_below_18_years_of_age	0.055186362323028
02013	2025-12-31	chr_broadband_access	0.580160320641283
02013	2025-12-31	chr_census_participation	0.11
02013	2025-12-31	chr_child_care_cost_burden	0.215939759036145
02013	2025-12-31	chr_children_eligible_for_free_or_reduced_price_lunch	0.0568720379146919
02013	2025-12-31	chr_children_in_poverty	0.186
02013	2025-12-31	chr_children_in_single_parent_households	0.21219512195122
02013	2025-12-31	chr_dentists	2.9429075927015e-4
02013	2025-12-31	chr_diabetes_prevalence	0.126
02013	2025-12-31	chr_disability_functional_limitations	0.309
02013	2025-12-31	chr_drinking_water_violations	1
02013	2025-12-31	chr_driving_alone_to_work	0.228217602830606
02013	2025-12-31	chr_excessive_drinking	0.17270749943125
02013	2025-12-31	chr_feelings_of_loneliness	0.366
02013	2025-12-31	chr_female	0.297601849176539
02013	2025-12-31	chr_food_environment_index	7.3
02013	2025-12-31	chr_food_insecurity	0.122
02013	2025-12-31	chr_frequent_mental_distress	0.133
02013	2025-12-31	chr_frequent_physical_distress	0.129
02013	2025-12-31	chr_gender_pay_gap	1.07058782007165
02013	2025-12-31	chr_high_school_completion	0.838895281933257
02013	2025-12-31	chr_hispanic	0.207454492921121
02013	2025-12-31	chr_homeownership	0.570140280561122
02013	2025-12-31	chr_income_inequality	4.73318996415771
02013	2025-12-31	chr_insufficient_sleep	0.418
02013	2025-12-31	chr_lack_of_social_and_emotional_support	0.35
02013	2025-12-31	chr_limited_access_to_healthy_foods	0.145903331548832
02013	2025-12-31	chr_living_wage	48.57
02013	2025-12-31	chr_long_commute_driving_alone	0
02013	2025-12-31	chr_low_birth_weight	0.113636363636364
02013	2025-12-31	chr_median_household_income	83000
02013	2025-12-31	chr_mental_health_providers	8.6680150245593e-4
02013	2025-12-31	chr_native_hawaiian_or_other_pacific_islander	0.0104016180294713
02013	2025-12-31	chr_non_hispanic_black	0.0904362900895695
02013	2025-12-31	chr_non_hispanic_white	0.0956370991043051
02013	2025-12-31	chr_not_proficient_in_english	0.110340669279469
02013	2025-12-31	chr_other_primary_care_providers	8.6680150245593e-4
02013	2025-12-31	chr_physical_inactivity	0.298
02013	2025-12-31	chr_poor_mental_health_days	4.24638329849269
02013	2025-12-31	chr_poor_or_fair_health	0.198
02013	2025-12-31	chr_poor_physical_health_days	4.35458925037892
02013	2025-12-31	chr_population	3461
02013	2025-12-31	chr_premature_age_adjusted_mortality	198.429827565209
02013	2025-12-31	chr_premature_death	4200.33674713217
02013	2025-12-31	chr_rural	1
02013	2025-12-31	chr_severe_housing_cost_burden	0.113375796178344
02013	2025-12-31	chr_severe_housing_problems	0.158469945355191
02013	2025-12-31	chr_sexually_transmitted_infections	117.7
02013	2025-12-31	chr_social_associations	0
02013	2025-12-31	chr_some_college	0.473128598848368
02013	2025-12-31	chr_unemployment	0.02101506740682
02013	2025-12-31	chr_uninsured	0.195845697329377
02013	2025-12-31	chr_uninsured_adults	0.20393811533052
02013	2025-12-31	chr_uninsured_children	0.070351758793969807
